stid,scid,group,gender,year,y
1,carm,T,Female,0,1345
1,carm,T,Female,1,1431
1,carm,T,Female,2,1578
2,john,C,Female,0,1298
2,john,C,Female,1,1387
2,john,C,Female,2,1462
3,john,C,Female,0,1511
4,john,C,Female,1,1431
5,carm,T,Male,0,1486
5,carm,T,Male,1,1862
5,carm,T,Male,2,1724
6,orange,C,Female,0,1208
6,orange,C,Female,1,1387
6,orange,T,Female,2,1402
7,caro,T,Female,2,1368
8,caro,T,Male,2,1667
9,har,C,Male,0,1437
10,carm,T,Male,1,1474
10,carm,T,Male,2,1563
11,har,C,Male,0,1625
11,har,C,Male,1,1782
11,har,C,Male,2,1724
12,carm,T,Female,0,1208
12,carm,T,Female,1,1371
12,carm,T,Female,2,1368
13,carm,T,Female,0,1390
13,carm,T,Female,1,1431
13,carm,T,Female,2,1476
14,har,C,Female,0,1092
15,bla,T,Male,0,1675
16,good,T,Female,0,1360
16,good,T,Female,1,1387
17,carm,T,Female,0,1208
17,carm,T,Female,1,1417
17,carm,T,Female,2,1490
18,john,C,Female,1,1601
18,john,C,Female,2,1667
19,carm,T,Male,0,1559
19,carm,T,Male,1,1601
19,carm,T,Male,2,1688
20,john,C,Female,1,1862
20,john,C,Female,2,1943
21,john,C,Male,0,1330
22,orange,C,Male,0,1345
23,caro,T,Female,0,1559
23,caro,T,Female,1,1697
23,caro,T,Female,2,1739
24,caro,T,Male,0,1437
24,caro,T,Male,1,1621
25,caro,T,Female,2,1860
26,bla,T,Male,2,1533
27,caro,T,Female,0,1437
27,caro,T,Female,1,1533
28,caro,T,Female,0,1345
28,caro,T,Female,1,1467
28,caro,T,Female,2,1519
29,bla,T,Female,0,1625
29,bus,C,Female,0,1625
29,bla,T,Female,1,1549
29,bus,C,Female,1,1549
29,bla,T,Female,2,1724
30,caro,T,Female,0,1360
30,caro,T,Female,1,1621
30,caro,T,Female,2,1594
31,john,C,Female,2,1860
32,caro,T,Female,0,1314
33,carm,T,Female,0,1360
33,carm,T,Female,1,1549
33,carm,T,Female,2,1611
34,carm,T,Female,0,1375
34,carm,T,Female,1,1355
34,carm,T,Female,2,1490
35,carm,T,Female,0,1298
36,bus,C,Male,0,1159
36,bus,C,Male,1,1402
37,john,C,Male,2,1490
38,har,C,Female,0,1625
39,bus,C,Male,0,1421
40,orange,C,Female,0,1405
41,har,C,Male,0,1360
42,har,C,Female,0,1486
42,har,C,Female,1,1643
42,har,C,Female,2,1770
43,john,C,Male,1,1549
44,carm,T,Female,0,1533
44,carm,T,Female,1,1549
44,carm,T,Female,2,1688
45,carm,T,Male,0,1472
46,good,T,Female,0,1454
46,good,T,Female,1,1533
47,good,T,Female,0,1265
48,good,T,Male,0,1375
48,good,T,Male,1,1474
50,caro,T,Female,0,1486
50,caro,T,Female,1,1488
51,bla,T,Female,0,1675
52,john,C,Male,0,1314
53,bus,C,Male,0,1159
54,caro,T,Female,2,1688
55,carm,T,Female,2,1447
56,caro,T,Male,0,1360
56,caro,T,Male,1,1549
56,caro,T,Male,2,1563
57,har,C,Male,0,1533
58,orange,C,Female,0,1486
58,orange,C,Female,1,1589
58,orange,T,Female,2,1611
59,har,C,Male,0,1345
59,har,C,Male,1,1402
59,har,C,Male,2,1462
60,bla,T,Female,2,1770
61,john,C,Male,2,1770
62,carm,T,Male,2,1417
63,orange,C,Female,0,1345
64,caro,T,Female,1,1565
64,caro,T,Female,2,1594
65,john,C,Male,0,1596
66,bla,T,Male,0,1511
66,bla,T,Male,1,1549
66,bla,T,Male,2,1770
67,bla,T,Female,0,1345
67,bla,T,Female,1,1371
67,bla,T,Female,2,1519
68,bus,C,Female,0,1472
68,bus,C,Female,1,1621
68,bus,C,Female,2,1594
69,bla,T,Female,0,1675
69,bla,T,Female,1,1643
70,orange,T,Female,2,1724
71,har,C,Male,0,1533
72,bus,C,Male,0,1472
73,orange,C,Female,0,1675
73,orange,C,Female,1,1733
73,orange,T,Female,2,1809
74,john,C,Male,2,1500
75,carm,T,Male,0,1454
76,carm,T,Male,0,1360
77,bla,T,Male,0,1298
77,bla,T,Male,1,1474
78,caro,T,Female,2,1548
79,john,C,Male,2,1350
80,john,C,Female,2,1350
81,orange,T,Female,2,1688
82,har,C,Female,0,1314
82,har,C,Female,1,1518
83,orange,T,Female,2,1770
84,orange,C,Female,0,1345
85,bla,T,Male,0,1228
85,carm,T,Male,0,1228
85,bla,T,Male,1,1474
85,carm,T,Male,1,1474
85,bus,C,Male,1,1474
85,bla,T,Male,2,1432
85,carm,T,Male,2,1432
86,bla,T,Female,0,1228
86,bla,T,Female,1,1299
86,bla,T,Female,2,1283
87,bla,T,Female,1,1565
87,bla,T,Female,2,1500
88,bla,T,Male,0,1437
88,bla,T,Male,1,1643
88,bla,T,Male,2,1739
89,good,T,Male,0,1375
90,john,C,Female,0,1330
91,john,C,Male,0,1390
91,john,C,Male,1,1549
92,john,C,Male,2,1490
93,carm,T,Male,0,1228
94,bla,T,Female,2,1548
95,orange,C,Female,0,1625
96,bus,C,Male,0,1208
96,bus,C,Male,1,1371
97,bla,T,Female,0,1675
98,carm,T,Male,0,1675
98,carm,T,Male,1,1697
98,carm,T,Male,2,2078
99,bus,C,Male,0,1596
100,bus,C,Male,0,1265
101,carm,T,Female,0,1375
102,carm,T,Male,0,1298
102,carm,T,Male,1,1417
102,carm,T,Male,2,1417
103,bla,T,Male,0,1375
104,good,T,Female,1,1337
105,john,C,Male,1,1371
105,john,C,Male,2,1462
106,bus,C,Male,0,1437
107,carm,T,Female,0,1486
107,carm,T,Female,1,1549
107,carm,T,Female,2,1739
108,bus,C,Female,0,1314
109,john,C,Male,1,1697
110,carm,T,Male,1,1782
110,carm,T,Male,2,1770
111,carm,T,Male,1,1697
111,carm,T,Male,2,1739
112,har,C,Female,1,1355
112,har,C,Female,2,1611
113,caro,T,Female,1,1533
113,caro,T,Female,2,1625
114,john,C,Male,2,1667
115,john,C,Male,1,1670
116,orange,C,Female,1,1474
117,bla,T,Female,1,1474
118,orange,C,Male,1,1446
118,orange,T,Male,2,1578
119,good,T,Male,1,1371
120,bla,T,Female,1,1621
121,john,C,Female,1,1474
122,orange,C,Male,1,1670
122,orange,T,Male,2,1809
123,caro,T,Female,1,1488
123,caro,T,Female,2,1500
124,caro,T,Male,1,1518
125,carm,T,Male,1,1782
125,carm,T,Male,2,1770
126,john,C,Female,1,1643
127,bus,C,Male,1,1474
128,caro,T,Male,1,1733
128,caro,T,Male,2,1943
129,caro,T,Female,1,1670
129,caro,T,Female,2,1647
130,john,C,Female,1,1565
131,bla,T,Female,1,1355
131,bla,T,Female,2,1368
132,carm,T,Male,1,1431
132,carm,T,Male,2,1462
133,john,C,Female,1,1862
133,john,C,Female,2,1943
134,har,C,Female,1,1621
134,har,C,Female,2,1860
135,har,C,Male,1,1549
135,har,C,Male,2,1611
136,har,C,Male,1,1503
137,bla,T,Female,1,1402
138,carm,T,Male,1,1474
138,carm,T,Male,2,1563
139,good,T,Female,1,1533
140,har,C,Male,1,1503
140,har,C,Male,2,1476
141,orange,T,Male,2,1533
142,carm,T,Female,1,1643
142,carm,T,Female,2,1739
143,bla,T,Female,1,1319
144,bus,C,Female,1,1643
145,bus,C,Male,1,1697
145,bus,C,Male,2,1688
146,bus,C,Male,1,1601
146,bus,C,Male,2,1943
147,john,C,Male,2,1667
148,carm,T,Female,1,1549
148,carm,T,Female,2,1667
149,bus,C,Male,1,1402
149,bus,C,Male,2,1447
150,bus,C,Male,1,1355
151,bus,C,Female,1,1387
152,john,C,Female,1,1565
153,john,C,Female,2,1462
154,bla,T,Female,1,1431
154,bus,C,Female,1,1431
154,bla,T,Female,2,1490
155,orange,C,Female,1,1621
155,orange,T,Female,2,1739
156,bla,T,Female,1,1467
157,john,C,Male,1,1503
157,john,C,Male,2,1462
158,har,C,Female,1,1431
159,bus,C,Female,1,1431
160,good,T,Male,1,1533
161,bus,C,Female,1,1467
162,har,C,Female,1,1474
162,har,C,Female,2,1578
163,carm,T,Male,1,1589
163,carm,T,Male,2,1809
164,carm,T,Male,2,1402
165,bus,C,Male,1,1299
165,bus,C,Male,2,1385
166,bus,C,Male,1,1670
167,carm,T,Male,1,1601
167,carm,T,Male,2,1724
168,good,T,Male,1,1355
169,bus,C,Male,1,1337
170,bla,T,Female,1,1371
170,bla,T,Female,2,1417
171,carm,T,Male,1,1446
171,carm,T,Male,2,1667
172,bus,C,Male,1,1589
172,bus,C,Male,2,1724
173,bla,T,Female,1,1533
174,bla,T,Female,1,1222
175,caro,T,Male,1,1337
175,caro,T,Male,2,1385
176,caro,T,Female,1,1222
177,carm,T,Male,1,1371
177,carm,T,Male,2,1519
178,orange,C,Male,1,1488
178,orange,T,Male,2,1476
179,bla,T,Male,1,1488
180,john,C,Male,1,1670
181,carm,T,Male,1,1565
181,carm,T,Male,2,1943
182,har,C,Female,1,1319
183,john,C,Female,1,1337
184,bla,T,Male,1,1467
185,har,C,Male,1,1371
186,carm,T,Female,1,1474
186,carm,T,Female,2,1476
187,bla,T,Male,1,1371
188,good,T,Female,1,1601
189,carm,T,Female,1,1402
190,bla,T,Male,1,1299
192,carm,T,Female,2,1667
193,bla,T,Female,2,1548
194,john,C,Male,2,1283
195,orange,T,Female,2,1500
196,john,C,Male,2,1943
197,caro,T,Male,2,1724
198,har,C,Female,2,1519
199,john,C,Male,2,1647
200,carm,T,Female,2,1809
201,john,C,Female,2,1625
202,john,C,Female,2,1368
203,john,C,Male,2,1476
204,orange,T,Female,2,1594
205,har,C,Male,2,1647
206,john,C,Male,2,1647
207,bus,C,Female,2,1647
208,caro,T,Male,2,1770
209,bla,T,Female,2,1447
210,bla,T,Male,2,1330
211,har,C,Male,2,1578
212,bla,T,Female,2,1578
213,orange,T,Female,2,1563
214,orange,T,Male,2,1724
215,bla,T,Male,2,1519
216,orange,T,Female,2,1667
217,john,C,Female,2,1647
218,john,C,Male,2,1462
219,har,C,Male,2,1385
220,har,C,Male,2,1667
221,john,C,Male,2,1688
222,caro,T,Male,2,1724
223,carm,T,Male,2,1402
224,har,C,Male,2,1385
225,john,C,Male,2,1330
226,orange,T,Female,2,1724
227,har,C,Male,2,1647
228,john,C,Female,2,1578
229,caro,T,Male,2,1563
230,orange,T,Male,2,1402
231,carm,T,Male,0,1092
231,carm,T,Male,1,1371
232,caro,T,Female,0,1421
232,caro,T,Female,1,1549
232,caro,T,Female,2,1533
233,bus,C,Female,0,1360
234,caro,T,Female,0,1375
234,caro,T,Female,1,1589
235,good,T,Male,0,1228
235,good,T,Male,1,1387
236,bla,T,Female,0,1421
237,bla,T,Male,0,1298
237,bla,T,Male,1,1337
237,bla,T,Male,2,1594
238,bla,T,Female,0,1298
239,bla,T,Female,0,1345
240,har,C,Male,0,1228
241,caro,T,Male,0,1129
241,caro,T,Male,1,1371
241,caro,T,Male,2,1432
242,bus,C,Male,0,1405
243,good,T,Male,0,1314
243,good,T,Male,1,1371
244,caro,T,Male,0,1472
244,caro,T,Male,1,1643
244,caro,T,Male,2,1533
245,bla,T,Male,1,1518
245,bla,T,Male,2,1548
246,caro,T,Male,0,1421
247,bus,C,Female,0,1159
247,bus,C,Female,1,1319
247,bus,C,Female,2,1402
248,orange,C,Female,0,1314
248,orange,C,Female,1,1503
248,orange,T,Female,2,1594
249,carm,T,Male,0,1092
249,carm,T,Male,1,1299
249,carm,T,Male,2,1283
250,carm,T,Male,0,1675
250,carm,T,Male,1,1670
250,carm,T,Male,2,1770
251,orange,C,Male,0,1559
251,orange,C,Male,1,1643
251,orange,T,Male,2,1688
252,bus,C,Male,0,1185
253,caro,T,Female,0,1559
253,caro,T,Female,1,1733
253,caro,T,Female,2,1770
254,orange,C,Female,0,1159
254,orange,C,Female,1,1299
254,orange,T,Female,2,1330
255,orange,C,Female,0,1247
256,har,C,Female,0,1208
256,har,C,Female,1,1518
256,har,C,Female,2,1611
257,caro,T,Male,0,1454
257,caro,T,Male,1,1488
257,caro,T,Male,2,1594
258,bus,C,Female,0,1185
258,bus,C,Female,1,1277
258,caro,T,Female,2,1432
259,bla,T,Female,0,1511
259,bla,T,Female,1,1601
259,bla,T,Female,2,1563
260,orange,C,Female,0,1360
260,orange,C,Female,1,1474
260,orange,T,Female,2,1647
261,good,T,Male,0,1208
261,good,T,Male,1,1387
262,bla,T,Female,0,1282
262,bla,T,Female,1,1371
262,bla,T,Female,2,1490
263,orange,C,Male,0,1247
263,orange,C,Male,1,1355
264,bla,T,Male,0,1533
264,bla,T,Male,1,1697
264,bla,T,Male,2,1647
265,bla,T,Male,0,1282
265,bla,T,Male,1,1387
266,carm,T,Male,0,1421
266,carm,T,Male,1,1643
266,carm,T,Male,2,1688
267,bla,T,Female,0,1314
267,bla,T,Female,1,1503
267,bla,T,Female,2,1500
268,bla,T,Male,0,1185
268,bla,T,Male,1,1387
268,bla,T,Male,2,1283
269,good,T,Female,0,1454
269,good,T,Female,1,1621
270,john,C,Male,2,1385
271,john,C,Male,0,1298
271,john,C,Male,1,1503
271,john,C,Male,2,1594
272,har,C,Female,0,1472
272,har,C,Female,1,1589
272,har,C,Female,2,1739
273,john,C,Male,0,1247
274,john,C,Male,0,1314
274,john,C,Male,1,1474
275,orange,C,Female,0,1390
275,orange,C,Female,1,1533
275,orange,T,Female,2,1578
276,john,C,Female,2,1447
277,har,C,Male,0,1298
278,orange,C,Male,0,1298
278,orange,C,Male,1,1474
278,orange,T,Male,2,1625
279,caro,T,Female,0,1314
280,caro,T,Female,2,1625
281,caro,T,Male,0,1185
281,caro,T,Male,1,1467
281,caro,T,Male,2,1417
282,caro,T,Male,0,1533
282,caro,T,Male,1,1518
283,caro,T,Female,0,1437
283,caro,T,Female,1,1488
284,john,C,Male,0,1533
284,john,C,Male,1,1601
284,john,C,Male,2,1500
285,caro,T,Male,0,1405
285,caro,T,Male,1,1670
285,caro,T,Male,2,1500
286,caro,T,Male,0,1486
286,caro,T,Male,1,1589
286,caro,T,Male,2,1667
287,caro,T,Male,0,1421
287,caro,T,Male,1,1474
287,caro,T,Male,2,1594
288,caro,T,Female,0,1282
288,caro,T,Female,1,1518
288,caro,T,Female,2,1519
289,caro,T,Female,0,1375
289,caro,T,Female,1,1446
290,caro,T,Female,0,1375
290,caro,T,Female,1,1488
290,caro,T,Female,2,1548
291,bla,T,Female,1,1431
291,bla,T,Female,2,1447
292,caro,T,Male,0,1390
292,caro,T,Male,1,1387
293,caro,T,Female,0,1511
293,caro,T,Female,1,1549
293,caro,T,Female,2,1611
294,caro,T,Female,0,1390
294,caro,T,Female,1,1518
294,caro,T,Female,2,1578
295,caro,T,Male,0,1265
295,caro,T,Male,1,1431
295,caro,T,Male,2,1519
296,caro,T,Male,0,1375
296,caro,T,Male,1,1319
296,caro,T,Male,2,1548
297,caro,T,Female,0,1345
298,caro,T,Female,0,1345
298,caro,T,Female,1,1565
298,caro,T,Female,2,1594
299,caro,T,Female,0,1625
299,caro,T,Female,1,1643
300,caro,T,Female,0,1421
300,caro,T,Female,1,1621
300,caro,T,Female,2,1625
301,caro,T,Male,0,1559
301,caro,T,Male,1,1643
302,caro,T,Male,0,1559
302,caro,T,Male,1,1503
303,caro,T,Male,0,1159
303,caro,T,Male,1,1299
303,caro,T,Male,2,1330
304,caro,T,Female,0,1511
304,caro,T,Female,1,1621
304,caro,T,Female,2,1594
305,caro,T,Female,0,1282
305,caro,T,Female,1,1621
306,caro,T,Male,0,1533
306,caro,T,Male,1,1601
307,caro,T,Female,0,1360
307,caro,T,Female,1,1488
308,caro,T,Female,0,1390
308,caro,T,Female,1,1621
308,caro,T,Female,2,1647
309,caro,T,Male,0,1486
309,caro,T,Male,1,1488
309,caro,T,Male,2,1533
310,caro,T,Male,0,1486
310,caro,T,Male,1,1533
310,caro,T,Male,2,1594
311,john,C,Female,1,1533
312,orange,C,Male,0,1454
312,orange,C,Male,1,1518
313,caro,T,Female,0,1159
313,caro,T,Female,1,1503
314,har,C,Female,0,1421
314,har,C,Female,1,1488
315,orange,C,Male,0,1314
315,orange,C,Male,1,1670
315,orange,T,Male,2,1578
316,har,C,Female,0,1559
317,bus,C,Female,0,1625
317,bus,C,Female,1,1643
317,bus,C,Female,2,1647
318,john,C,Female,0,1375
318,john,C,Female,1,1446
318,john,C,Female,2,1594
319,orange,C,Male,0,1360
319,orange,C,Male,1,1488
319,orange,T,Male,2,1594
320,bla,T,Female,0,1559
320,bus,C,Female,0,1559
320,bla,T,Female,1,1643
320,bus,C,Female,1,1643
320,bla,T,Female,2,1594
321,caro,T,Female,0,1265
321,caro,T,Female,1,1431
321,caro,T,Female,2,1432
322,caro,T,Female,0,1228
322,caro,T,Female,1,1371
322,caro,T,Female,2,1330
323,bus,C,Female,0,1390
324,caro,T,Female,0,1596
324,caro,T,Female,1,1549
324,caro,T,Female,2,1667
325,bus,C,Male,0,1390
325,bus,C,Male,1,1474
325,bus,C,Male,2,1519
326,orange,C,Female,0,1208
326,orange,C,Female,1,1417
326,orange,T,Female,2,1500
327,john,C,Female,0,1375
327,john,C,Female,1,1589
327,john,C,Female,2,1647
328,bus,C,Female,0,1298
328,bus,C,Female,1,1402
329,caro,T,Female,0,1755
329,caro,T,Female,2,1770
330,orange,C,Female,1,1533
331,bus,C,Female,1,1337
332,bus,C,Female,0,1298
332,bus,C,Female,1,1355
332,bus,C,Female,2,1432
333,bus,C,Male,0,1511
333,bus,C,Male,1,1503
333,bus,C,Male,2,1578
334,orange,C,Female,0,1375
334,orange,C,Female,1,1621
334,orange,T,Female,2,1688
335,bus,C,Female,0,1345
335,bus,C,Female,1,1402
336,carm,T,Male,0,1282
336,carm,T,Male,1,1371
336,carm,T,Male,2,1476
337,caro,T,Male,0,1247
337,caro,T,Male,1,1337
337,caro,T,Male,2,1432
338,har,C,Female,0,1486
338,har,C,Female,1,1474
339,bus,C,Male,0,1314
340,bus,C,Female,0,1421
341,orange,C,Female,0,1247
341,orange,C,Female,1,1589
342,carm,T,Male,0,1282
342,carm,T,Male,1,1417
342,carm,T,Male,2,1500
343,bus,C,Male,0,1282
344,bus,C,Female,0,1486
345,caro,T,Female,0,1360
346,bus,C,Female,0,1360
347,john,C,Female,1,1488
347,john,C,Female,2,1500
348,bus,C,Male,0,1345
348,bus,C,Male,1,1474
348,bus,C,Male,2,1500
349,john,C,Male,0,1298
349,john,C,Male,1,1319
350,bla,T,Female,0,1247
350,bla,T,Female,1,1417
350,bla,T,Female,2,1533
351,bus,C,Male,0,1625
351,bus,C,Male,1,1533
351,bus,C,Male,2,1519
352,bus,C,Female,0,1405
352,bus,C,Female,1,1533
352,bus,C,Female,2,1625
353,caro,T,Female,0,1228
353,caro,T,Female,1,1299
354,bus,C,Female,0,1511
354,bus,C,Female,1,1474
354,bus,C,Female,2,1611
355,bla,T,Female,0,1298
355,bla,T,Female,1,1467
355,bla,T,Female,2,1578
356,good,T,Female,0,1314
356,good,T,Female,1,1643
357,carm,T,Male,0,1092
357,carm,T,Male,1,1371
357,carm,T,Male,2,1368
358,bus,C,Male,0,1405
358,bus,C,Male,1,1446
359,bla,T,Male,0,1390
359,bus,C,Male,0,1390
359,bla,T,Male,1,1503
359,bus,C,Male,1,1503
359,bla,T,Male,2,1611
360,carm,T,Female,0,1330
360,carm,T,Female,1,1319
360,carm,T,Female,2,1519
361,carm,T,Male,0,1247
361,carm,T,Male,1,1387
361,carm,T,Male,2,1385
362,carm,T,Male,0,1486
362,carm,T,Male,1,1670
362,carm,T,Male,2,1667
363,bus,C,Male,0,1486
364,caro,T,Female,0,1405
364,caro,T,Female,1,1601
364,caro,T,Female,2,1625
365,john,C,Female,0,1330
365,john,C,Female,1,1387
366,caro,T,Male,0,1314
366,caro,T,Male,1,1387
367,carm,T,Male,0,1486
367,carm,T,Male,1,1589
367,carm,T,Male,2,1724
368,caro,T,Male,0,1486
368,caro,T,Male,1,1518
368,caro,T,Male,2,1611
369,bus,C,Male,0,1421
369,bus,C,Male,1,1474
370,orange,C,Male,1,1601
370,orange,T,Male,2,1647
371,caro,T,Male,0,1228
371,caro,T,Male,1,1355
372,caro,T,Female,1,1319
372,caro,T,Female,2,1462
373,har,C,Female,0,1405
373,har,C,Female,1,1621
374,bla,T,Female,0,1208
374,bla,T,Female,1,1474
374,bla,T,Female,2,1462
375,har,C,Male,0,1559
375,har,C,Male,1,1621
375,har,C,Male,2,1625
376,john,C,Male,2,1417
377,john,C,Female,0,1421
377,john,C,Female,1,1488
377,john,C,Female,2,1462
378,carm,T,Female,0,1208
378,carm,T,Female,1,1387
379,carm,T,Female,0,1314
379,carm,T,Female,1,1355
379,carm,T,Female,2,1308
380,carm,T,Male,0,1437
380,carm,T,Male,1,1431
380,carm,T,Male,2,1578
381,bus,C,Male,2,1548
382,john,C,Male,1,1387
383,john,C,Male,1,1277
384,john,C,Male,2,1385
385,john,C,Male,2,1594
386,orange,C,Female,0,1421
386,orange,C,Female,1,1402
387,orange,C,Female,0,1247
387,orange,C,Female,1,1371
388,carm,T,Female,0,1247
388,carm,T,Female,1,1337
388,carm,T,Female,2,1462
389,caro,T,Female,0,1185
389,caro,T,Female,1,1355
389,caro,T,Female,2,1368
390,carm,T,Male,0,1486
390,carm,T,Male,1,1589
390,carm,T,Male,2,1739
391,carm,T,Female,1,1446
391,carm,T,Female,2,1385
392,carm,T,Male,0,1454
392,carm,T,Male,1,1474
392,carm,T,Male,2,1647
393,orange,C,Female,1,1277
394,good,T,Female,0,1185
394,good,T,Female,1,1417
395,good,T,Male,0,1247
396,carm,T,Male,0,1421
396,carm,T,Male,1,1387
396,carm,T,Male,2,1625
397,good,T,Male,0,1247
397,good,T,Male,1,1299
398,john,C,Female,0,1437
398,john,C,Female,2,1625
399,good,T,Male,0,1228
399,good,T,Male,1,1621
400,john,C,Male,0,1265
400,john,C,Male,1,1474
401,bla,T,Female,0,1533
401,bla,T,Female,1,1643
401,bla,T,Female,2,1647
402,good,T,Female,0,1208
402,good,T,Female,1,1319
403,orange,C,Male,0,1437
403,orange,C,Male,1,1503
403,orange,T,Male,2,1625
404,orange,C,Male,1,1670
404,orange,T,Male,2,1647
405,orange,C,Male,0,1437
405,orange,C,Male,1,1601
405,orange,T,Male,2,1647
406,caro,T,Male,0,1208
406,caro,T,Male,1,1186
407,john,C,Female,0,1042
407,john,C,Female,1,1252
407,john,C,Female,2,1417
408,carm,T,Female,0,1454
408,carm,T,Female,1,1503
408,carm,T,Female,2,1647
409,john,C,Female,2,1447
410,john,C,Male,2,1519
411,good,T,Female,0,1208
412,har,C,Male,0,1247
412,har,C,Male,1,1417
412,har,C,Male,2,1402
413,john,C,Female,1,1643
414,carm,T,Male,0,1228
414,carm,T,Male,1,1446
414,carm,T,Male,2,1402
416,john,C,Female,2,1667
417,good,T,Female,0,1228
418,bus,C,Male,0,1228
419,caro,T,Male,0,1092
419,caro,T,Male,1,1299
419,caro,T,Male,2,1330
420,bus,C,Male,0,1298
420,bus,C,Male,1,1446
420,bus,C,Male,2,1533
421,john,C,Male,1,1222
421,john,C,Male,2,1350
422,har,C,Female,0,1159
423,bla,T,Male,0,1265
423,bla,T,Male,1,1518
423,bla,T,Male,2,1594
424,har,C,Male,0,1486
424,har,C,Male,1,1601
424,har,C,Male,2,1533
426,john,C,Male,1,1402
426,john,C,Male,2,1350
427,har,C,Female,0,1298
428,orange,C,Female,0,1486
428,orange,C,Female,1,1782
428,orange,T,Female,2,1739
429,john,C,Male,0,1421
429,john,C,Male,1,1621
429,john,C,Male,2,1625
430,orange,C,Male,0,1375
430,orange,C,Male,1,1488
430,orange,T,Male,2,1809
431,carm,T,Male,0,1596
431,carm,T,Male,1,1670
431,carm,T,Male,2,1809
432,carm,T,Male,0,1375
433,orange,C,Male,0,1454
434,john,C,Female,2,1611
435,john,C,Male,1,1319
436,bla,T,Male,0,1345
436,bla,T,Male,1,1474
436,bla,T,Male,2,1500
437,bus,C,Male,0,1375
437,bus,C,Male,1,1402
437,bus,C,Male,2,1462
438,john,C,Male,2,1500
439,john,C,Male,0,1185
439,john,C,Male,1,1446
439,john,C,Male,2,1476
440,john,C,Female,2,1625
441,orange,C,Male,0,1228
441,orange,C,Male,1,1446
441,orange,T,Male,2,1462
442,orange,C,Female,0,1330
442,orange,C,Female,1,1467
443,orange,C,Male,0,1421
443,orange,C,Male,1,1503
443,orange,T,Male,2,1578
444,orange,C,Male,0,1437
444,orange,C,Male,1,1565
444,orange,T,Male,2,1611
445,john,C,Female,2,1688
446,orange,C,Male,0,1208
446,orange,C,Male,1,1319
446,orange,T,Male,2,1476
447,har,C,Male,0,1472
447,har,C,Male,1,1621
447,har,C,Male,2,1724
448,har,C,Male,0,1437
448,har,C,Male,1,1601
448,har,C,Male,2,1770
449,john,C,Female,2,1402
451,carm,T,Female,0,1298
451,carm,T,Female,1,1371
451,carm,T,Female,2,1462
452,bla,T,Male,1,1446
452,bla,T,Male,2,1578
453,carm,T,Male,0,1511
453,carm,T,Male,1,1670
453,carm,T,Male,2,1860
454,bla,T,Male,0,1247
456,caro,T,Male,0,1390
456,caro,T,Male,1,1387
457,caro,T,Male,0,1486
457,caro,T,Male,1,1549
457,caro,T,Male,2,1548
459,caro,T,Male,0,1282
459,caro,T,Male,1,1488
460,bus,C,Male,1,1503
461,carm,T,Female,0,1314
461,carm,T,Female,1,1431
461,carm,T,Female,2,1500
462,bus,C,Male,1,1371
462,bus,C,Male,2,1308
463,har,C,Male,0,1454
463,har,C,Male,2,1647
464,bla,T,Male,0,1421
464,bla,T,Male,1,1488
464,bla,T,Male,2,1611
465,caro,T,Female,0,1247
465,caro,T,Female,1,1431
465,caro,T,Female,2,1462
466,bla,T,Male,0,1390
466,bla,T,Male,1,1467
467,bla,T,Male,0,1298
467,bla,T,Male,1,1387
467,bla,T,Male,2,1417
468,har,C,Female,0,1486
468,har,C,Female,1,1565
468,har,C,Female,2,1667
469,caro,T,Male,0,1472
469,caro,T,Male,1,1565
469,caro,T,Male,2,1625
470,good,T,Male,0,1265
470,good,T,Male,1,1518
471,good,T,Female,0,1330
471,good,T,Female,1,1488
472,caro,T,Male,0,1405
472,caro,T,Male,1,1589
472,caro,T,Male,2,1611
473,bla,T,Female,0,1345
473,bla,T,Female,1,1446
473,bla,T,Female,2,1667
474,caro,T,Female,0,1247
474,caro,T,Female,1,1299
474,caro,T,Female,2,1462
475,bus,C,Male,1,1417
476,john,C,Male,2,1647
477,carm,T,Female,0,1511
477,carm,T,Female,1,1387
478,bla,T,Male,0,1533
478,bla,T,Male,1,1533
478,bla,T,Male,2,1770
479,bla,T,Female,0,1559
479,bla,T,Female,1,1488
480,har,C,Female,0,1265
480,har,C,Female,2,1368
481,carm,T,Male,0,1330
481,carm,T,Male,1,1417
481,carm,T,Male,2,1548
482,bus,C,Female,2,1647
483,bus,C,Male,0,1042
483,bus,C,Male,1,1252
484,good,T,Male,0,1247
484,good,T,Male,1,1503
485,carm,T,Female,1,1488
485,carm,T,Female,2,1563
486,bus,C,Male,0,1375
487,orange,C,Female,0,1421
487,orange,C,Female,1,1474
487,orange,T,Female,2,1476
488,bla,T,Male,0,1247
488,bla,T,Male,1,1371
488,bla,T,Male,2,1350
489,bla,T,Male,1,1533
489,bla,T,Male,2,1594
490,carm,T,Male,0,1265
490,carm,T,Male,1,1387
491,orange,C,Male,0,1533
491,orange,C,Male,1,1782
492,john,C,Female,1,1621
493,orange,C,Male,0,1454
493,orange,C,Male,1,1565
494,har,C,Male,0,1228
494,har,C,Male,1,1402
494,har,C,Male,2,1350
495,har,C,Female,0,1330
496,orange,C,Male,0,1559
496,orange,C,Male,1,1782
496,orange,T,Male,2,2078
497,orange,C,Female,1,1518
497,orange,T,Female,2,1647
498,caro,T,Female,0,1345
498,caro,T,Female,1,1533
498,caro,T,Female,2,1548
499,carm,T,Female,0,1421
499,bus,C,Female,0,1421
499,carm,T,Female,1,1474
499,carm,T,Female,2,1563
500,john,C,Female,2,1563
501,john,C,Female,1,1518
502,har,C,Female,0,1454
502,har,C,Female,1,1565
502,har,C,Female,2,1625
503,bus,C,Male,0,1208
503,bus,C,Male,1,1518
504,orange,C,Female,1,1467
506,john,C,Male,2,1578
507,orange,C,Male,0,1421
507,orange,C,Male,1,1601
507,orange,T,Male,2,1519
508,caro,T,Male,0,1092
508,caro,T,Male,1,1337
508,caro,T,Male,2,1368
509,har,C,Male,0,1208
510,bla,T,Female,1,1467
510,bla,T,Female,2,1688
511,carm,T,Female,0,1314
512,bla,T,Female,0,1533
512,bla,T,Female,2,1611
513,caro,T,Female,0,1533
513,caro,T,Female,1,1503
513,caro,T,Female,2,1667
514,har,C,Male,0,1375
514,har,C,Male,1,1589
515,good,T,Female,0,1298
516,har,C,Female,0,1247
516,har,C,Female,1,1431
517,good,T,Male,0,1282
517,good,T,Male,1,1589
518,caro,T,Female,0,1486
518,caro,T,Female,1,1565
518,caro,T,Female,2,1563
519,bus,C,Male,0,1375
519,bus,C,Male,1,1417
519,bus,C,Male,2,1432
520,carm,T,Female,0,1345
521,bla,T,Male,0,1265
521,bla,T,Male,1,1417
521,bla,T,Male,2,1402
522,good,T,Male,0,1533
522,good,T,Male,1,1733
523,carm,T,Male,0,1345
523,carm,T,Male,1,1518
524,carm,T,Male,0,1345
525,har,C,Male,0,1265
525,har,C,Male,1,1488
526,bus,C,Female,0,1405
526,bus,C,Female,1,1488
527,carm,T,Male,0,1265
527,carm,T,Male,1,1417
527,carm,T,Male,2,1462
528,john,C,Female,0,1228
529,bus,C,Male,0,1675
530,john,C,Female,0,1533
530,john,C,Female,1,1643
530,john,C,Female,2,1647
531,bla,T,Male,0,1360
531,bla,T,Male,1,1355
531,bla,T,Male,2,1402
532,john,C,Female,2,1860
533,orange,C,Male,0,1596
533,orange,C,Male,1,1643
533,orange,T,Male,2,1809
534,john,C,Female,0,1511
534,john,C,Female,1,1697
535,john,C,Male,0,1675
535,john,C,Male,1,1862
536,john,C,Male,0,1486
536,john,C,Male,1,1601
537,john,C,Female,0,1330
537,john,C,Female,1,1549
538,john,C,Female,0,1675
538,john,C,Female,1,1782
539,john,C,Male,0,1472
539,john,C,Male,1,1733
540,orange,C,Female,0,1511
540,orange,C,Female,1,1670
540,orange,T,Female,2,1688
541,john,C,Male,1,1549
541,john,C,Male,2,1724
542,caro,T,Male,0,1437
542,caro,T,Male,1,1533
543,bus,C,Male,0,1421
544,john,C,Male,0,1345
544,john,C,Male,1,1446
545,john,C,Female,0,1596
545,john,C,Female,1,1862
545,john,C,Female,2,1860
546,caro,T,Female,0,1511
546,caro,T,Female,1,1601
546,caro,T,Female,2,1739
547,caro,T,Male,0,1265
547,caro,T,Male,1,1371
548,orange,C,Male,0,1486
548,orange,C,Male,1,1643
549,caro,T,Male,0,1454
549,caro,T,Male,1,1549
549,caro,T,Male,2,1490
550,bla,T,Male,0,1421
550,bla,T,Male,1,1533
550,bla,T,Male,2,1533
551,caro,T,Female,0,1511
551,caro,T,Female,1,1643
552,orange,C,Male,0,1511
552,orange,C,Male,1,1503
552,orange,T,Male,2,1594
553,caro,T,Female,0,1360
553,caro,T,Female,1,1467
553,caro,T,Female,2,1490
554,john,C,Female,0,1511
554,john,C,Female,1,1670
555,caro,T,Female,0,1625
555,caro,T,Female,1,1589
555,caro,T,Female,2,1739
556,john,C,Male,0,1675
556,john,C,Male,1,1862
557,caro,T,Female,0,1228
558,john,C,Male,0,1675
558,john,C,Male,1,1670
558,john,C,Male,2,1770
559,orange,C,Female,0,1511
559,orange,C,Female,1,1670
559,orange,T,Female,2,1770
560,orange,C,Male,0,1421
560,orange,C,Male,1,1503
560,orange,T,Male,2,1625
561,john,C,Male,0,1889
561,john,C,Male,1,1862
562,caro,T,Female,0,1559
562,caro,T,Female,1,1643
563,john,C,Female,0,1421
563,john,C,Female,1,1549
564,orange,C,Female,0,1511
565,orange,C,Female,0,1330
565,orange,C,Female,1,1467
566,orange,C,Female,0,1390
566,orange,C,Female,1,1467
566,orange,T,Female,2,1563
567,caro,T,Male,0,1625
567,caro,T,Male,1,1621
567,caro,T,Male,2,1688
568,john,C,Female,2,1809
569,caro,T,Female,0,1437
569,caro,T,Female,1,1670
569,caro,T,Female,2,1578
570,john,C,Female,0,1596
570,john,C,Female,1,1643
571,john,C,Female,2,1625
572,orange,C,Male,0,1533
572,orange,C,Male,1,1621
572,orange,T,Male,2,1647
573,john,C,Male,0,1421
573,john,C,Male,1,1670
574,caro,T,Female,0,1314
574,caro,T,Female,1,1417
575,orange,C,Female,0,1889
575,orange,C,Female,1,1782
576,orange,C,Male,1,1621
577,good,T,Male,0,1454
577,good,T,Male,1,1621
578,good,T,Female,1,1589
579,caro,T,Female,0,1390
579,caro,T,Female,1,1518
579,caro,T,Female,2,1578
580,orange,C,Female,0,1265
581,har,C,Female,0,1472
581,har,C,Female,1,1533
581,har,C,Female,2,1667
582,john,C,Female,1,1402
582,john,C,Female,2,1462
583,john,C,Female,0,1330
583,john,C,Female,1,1371
583,john,C,Female,2,1476
584,caro,T,Female,0,1625
584,caro,T,Female,1,1733
584,caro,T,Female,2,1770
585,caro,T,Male,0,1559
585,caro,T,Male,1,1565
586,caro,T,Male,0,1625
586,caro,T,Male,1,1643
587,bla,T,Male,0,1405
587,bla,T,Male,1,1589
587,bla,T,Male,2,1594
588,bla,T,Female,1,1446
588,bla,T,Female,2,1490
589,carm,T,Male,0,1405
589,carm,T,Male,1,1549
589,carm,T,Male,2,1611
590,bla,T,Female,0,1559
590,bla,T,Female,1,1601
591,bus,C,Female,2,1667
592,har,C,Male,0,1559
592,har,C,Male,1,1697
592,har,C,Male,2,1625
593,bla,T,Female,0,1314
593,bla,T,Female,1,1355
593,bla,T,Female,2,1563
594,bus,C,Female,0,1596
594,bus,C,Female,1,1518
594,bus,C,Female,2,1578
595,bla,T,Male,0,1405
595,bla,T,Male,1,1417
595,bla,T,Male,2,1647
596,orange,C,Female,0,1511
596,orange,C,Female,1,1621
596,orange,T,Female,2,1594
597,john,C,Female,0,1675
597,john,C,Female,1,1733
598,john,C,Male,0,1511
599,bla,T,Male,0,1533
599,bla,T,Male,1,1601
599,bla,T,Male,2,1688
600,good,T,Male,0,1208
601,bla,T,Female,0,1314
601,bla,T,Female,1,1565
601,bla,T,Female,2,1594
602,john,C,Female,0,1533
603,caro,T,Male,0,1559
604,bla,T,Female,1,1518
604,bla,T,Female,2,1533
605,orange,C,Male,0,1330
605,orange,C,Male,1,1474
605,orange,T,Male,2,1647
606,orange,C,Female,1,1565
607,bus,C,Male,0,1755
607,bus,C,Male,1,1782
608,john,C,Female,0,1454
608,john,C,Female,1,1621
608,john,C,Female,2,1724
609,orange,C,Female,0,1472
609,orange,C,Female,1,1697
609,orange,T,Female,2,1739
610,bla,T,Female,0,1345
610,bla,T,Female,1,1299
610,bla,T,Female,2,1594
611,john,C,Female,0,1533
611,john,C,Female,1,1621
612,orange,C,Female,0,1437
612,orange,C,Female,1,1533
612,orange,T,Female,2,1594
613,har,C,Female,0,1437
614,john,C,Female,0,1437
614,orange,T,Female,2,1688
615,har,C,Female,0,1675
615,good,T,Female,1,1670
615,har,C,Female,1,1670
615,har,C,Female,2,1943
616,john,C,Female,0,1390
616,john,C,Female,1,1601
617,caro,T,Male,0,1454
617,caro,T,Male,1,1733
618,bla,T,Male,0,1360
618,bla,T,Male,1,1387
619,bla,T,Male,0,1472
619,bla,T,Male,1,1621
619,bla,T,Male,2,1688
620,bla,T,Male,0,1472
621,john,C,Female,1,1503
622,john,C,Female,0,1472
622,john,C,Female,1,1643
623,carm,T,Female,0,1314
624,john,C,Male,0,1421
624,john,C,Male,1,1518
625,carm,T,Female,1,1643
626,carm,T,Female,1,1402
627,orange,C,Female,0,1390
627,orange,C,Female,1,1549
627,orange,T,Female,2,1578
628,har,C,Male,0,1472
628,har,C,Male,1,1387
628,har,C,Male,2,1688
629,bla,T,Female,1,1670
629,bla,T,Female,2,1739
630,bla,T,Male,0,1437
630,bla,T,Male,1,1549
630,bla,T,Male,2,1647
631,john,C,Male,0,1675
631,john,C,Male,1,1782
632,har,C,Male,1,1549
633,bla,T,Female,0,1390
633,bla,T,Female,1,1589
633,bla,T,Female,2,1647
634,john,C,Male,1,1643
635,john,C,Female,0,1596
635,john,C,Female,1,1782
635,john,C,Female,2,1739
636,john,C,Male,0,1405
636,john,C,Male,1,1621
637,bla,T,Female,1,1402
637,bla,T,Female,2,1490
638,bus,C,Female,0,1298
639,bla,T,Male,0,1486
640,john,C,Female,0,1596
640,john,C,Female,1,1697
641,bus,C,Male,0,1472
641,bus,C,Male,2,1724
642,orange,C,Male,0,1421
642,orange,C,Male,1,1670
642,orange,T,Male,2,1594
643,bla,T,Male,0,1755
643,bla,T,Male,1,1733
643,bla,T,Male,2,1809
644,bla,T,Male,1,1533
644,bla,T,Male,2,1500
645,orange,C,Male,0,1421
645,orange,C,Male,1,1503
646,caro,T,Male,0,1228
647,orange,C,Female,0,1314
647,orange,C,Female,1,1601
647,orange,T,Female,2,1594
648,bus,C,Male,0,1625
648,bus,C,Male,1,1621
648,bus,C,Male,2,1770
649,bus,C,Female,0,1472
650,caro,T,Male,0,1405
650,caro,T,Male,1,1488
651,bus,C,Female,0,1486
651,bus,C,Female,1,1518
651,bus,C,Female,2,1724
652,caro,T,Female,0,1486
652,caro,T,Female,1,1565
652,caro,T,Female,2,1611
653,caro,T,Female,0,1533
653,caro,T,Female,1,1565
653,caro,T,Female,2,1724
654,caro,T,Female,0,1472
655,caro,T,Female,0,1375
655,caro,T,Female,1,1621
655,caro,T,Female,2,1647
656,har,C,Male,0,1472
656,har,C,Male,1,1697
656,har,C,Male,2,1724
657,caro,T,Male,0,1360
657,caro,T,Male,1,1402
657,caro,T,Male,2,1625
658,john,C,Female,2,1625
659,caro,T,Male,0,1472
659,caro,T,Male,1,1446
659,caro,T,Male,2,1563
660,john,C,Female,0,1437
660,john,C,Female,1,1782
661,caro,T,Female,0,1511
661,caro,T,Female,1,1697
661,caro,T,Female,2,1770
662,caro,T,Male,0,1390
662,caro,T,Male,1,1474
663,bus,C,Female,0,1625
663,bus,C,Female,1,1670
664,carm,T,Male,0,1625
664,carm,T,Male,1,1621
664,carm,T,Male,2,1809
665,caro,T,Female,0,1265
666,caro,T,Female,0,1375
666,caro,T,Female,1,1488
666,caro,T,Female,2,1625
667,bus,C,Male,0,1472
667,bus,C,Male,1,1467
667,bus,C,Male,2,1533
668,caro,T,Female,0,1511
668,caro,T,Female,1,1697
668,caro,T,Female,2,1688
669,orange,C,Female,0,1405
669,john,C,Female,1,1601
670,caro,T,Male,0,1559
670,caro,T,Male,1,1697
670,caro,T,Male,2,1625
671,caro,T,Male,0,1559
671,caro,T,Male,1,1601
671,caro,T,Male,2,1611
672,caro,T,Female,0,1265
672,caro,T,Female,1,1337
673,caro,T,Male,0,1375
673,caro,T,Male,1,1371
674,orange,C,Female,0,1511
674,orange,C,Female,1,1488
674,orange,T,Female,2,1647
675,caro,T,Female,0,1437
676,caro,T,Female,0,1511
676,caro,T,Female,1,1733
676,caro,T,Female,2,1578
677,orange,C,Male,0,1265
678,caro,T,Male,0,1533
678,caro,T,Male,1,1643
678,caro,T,Male,2,1611
679,john,C,Male,2,1739
680,john,C,Female,2,1667
681,caro,T,Male,0,1298
681,caro,T,Male,1,1549
682,caro,T,Female,0,1511
682,caro,T,Female,1,1601
683,caro,T,Female,0,1421
683,caro,T,Female,1,1670
683,caro,T,Female,2,1611
684,caro,T,Male,1,1319
684,caro,T,Male,2,1432
685,john,C,Female,2,1625
686,bus,C,Male,0,1889
687,caro,T,Male,0,1314
687,caro,T,Male,1,1549
688,john,C,Male,0,1596
688,john,C,Male,1,1733
689,caro,T,Male,0,1314
690,orange,C,Female,0,1247
690,orange,C,Female,1,1337
690,orange,T,Female,2,1385
691,caro,T,Male,0,1390
691,caro,T,Male,1,1533
691,caro,T,Male,2,1611
692,bus,C,Male,0,1486
693,john,C,Female,2,1563
694,caro,T,Male,0,1159
695,bus,C,Female,0,1405
695,bus,C,Female,1,1446
695,bus,C,Female,2,1490
696,john,C,Male,0,1265
696,john,C,Male,1,1402
697,good,T,Female,0,1345
697,good,T,Female,1,1518
698,caro,T,Female,0,1675
698,caro,T,Female,1,1589
698,caro,T,Female,2,1611
699,har,C,Female,0,1421
699,har,C,Female,2,1647
700,caro,T,Female,0,1390
700,caro,T,Female,1,1467
701,bus,C,Male,0,1511
701,bus,C,Male,1,1733
701,bus,C,Male,2,1770
702,john,C,Female,0,1625
702,john,C,Female,1,1621
703,bla,T,Female,0,1511
703,bus,C,Female,0,1511
703,bla,T,Female,1,1601
703,bus,C,Female,1,1601
703,bla,T,Female,2,1724
704,caro,T,Female,0,1282
704,caro,T,Female,1,1518
704,caro,T,Female,2,1533
705,john,C,Female,0,1437
705,john,C,Female,1,1621
706,caro,T,Female,0,1390
706,caro,T,Female,1,1518
706,caro,T,Female,2,1647
707,bus,C,Female,0,1360
707,bus,C,Female,1,1488
707,bus,C,Female,2,1611
708,bla,T,Male,1,1621
708,bla,T,Male,2,1647
709,bus,C,Male,0,1596
709,bus,C,Male,1,1474
709,bus,C,Male,2,1647
710,orange,C,Male,0,1330
710,orange,C,Male,1,1601
710,orange,T,Male,2,1548
711,carm,T,Male,0,1486
711,carm,T,Male,1,1621
712,bla,T,Female,0,1511
712,bla,T,Female,1,1643
712,bla,T,Female,2,1611
713,bus,C,Male,0,1298
714,caro,T,Female,0,1486
714,caro,T,Female,1,1474
714,caro,T,Female,2,1578
715,bus,C,Male,0,1511
715,bus,C,Male,1,1643
715,bus,C,Male,2,1647
716,caro,T,Male,0,1265
716,caro,T,Male,1,1518
716,caro,T,Male,2,1563
717,caro,T,Male,0,1472
717,caro,T,Male,1,1643
718,bla,T,Female,0,1472
718,bla,T,Female,1,1670
718,bla,T,Female,2,1739
719,bus,C,Male,0,1511
719,bus,C,Male,1,1670
719,bus,C,Male,2,1667
720,bus,C,Female,0,1625
720,bus,C,Female,1,1670
720,bus,C,Female,2,1724
721,caro,T,Male,0,1345
721,caro,T,Male,1,1533
721,caro,T,Male,2,1548
722,har,C,Male,0,1533
723,carm,T,Male,0,1265
724,bla,T,Male,2,1667
725,orange,C,Male,0,1314
725,orange,C,Male,1,1518
726,carm,T,Female,2,1578
727,bus,C,Female,0,1596
727,bus,C,Female,1,1601
727,bus,C,Female,2,1739
728,john,C,Female,0,1675
728,john,C,Female,1,1643
729,carm,T,Male,0,1625
729,carm,T,Male,1,1733
729,carm,T,Male,2,1860
730,orange,C,Female,0,1472
730,orange,C,Female,1,1533
730,orange,T,Female,2,1724
731,caro,T,Female,0,1675
731,caro,T,Female,1,1733
732,bus,C,Male,0,1675
733,john,C,Male,0,1511
733,john,C,Male,1,1782
734,caro,T,Male,0,1559
734,caro,T,Male,1,1697
734,caro,T,Male,2,1688
735,john,C,Female,0,1345
735,john,C,Female,1,1565
735,john,C,Female,2,1350
736,john,C,Female,0,1533
736,john,C,Female,1,1697
737,caro,T,Female,0,1559
737,caro,T,Female,1,1733
738,john,C,Male,0,1559
738,john,C,Male,1,1697
739,orange,C,Female,0,1596
739,orange,C,Female,1,1643
739,orange,T,Female,2,1724
740,orange,C,Female,0,1625
740,orange,C,Female,1,1697
740,orange,T,Female,2,1724
741,john,C,Male,0,1625
741,john,C,Male,1,1643
742,caro,T,Male,0,1360
742,caro,T,Male,1,1533
743,bla,T,Male,0,1375
743,bla,T,Male,1,1474
743,bla,T,Male,2,1500
744,caro,T,Male,0,1454
744,caro,T,Male,1,1533
744,caro,T,Male,2,1500
745,carm,T,Male,0,1375
745,carm,T,Male,1,1565
746,bus,C,Female,0,1472
746,bus,C,Female,1,1589
747,caro,T,Female,0,1437
747,caro,T,Female,1,1601
747,caro,T,Female,2,1563
748,orange,C,Female,0,1421
749,carm,T,Female,0,1559
749,carm,T,Female,1,1782
749,carm,T,Female,2,1809
750,carm,T,Female,0,1360
750,carm,T,Female,1,1402
750,carm,T,Female,2,1490
751,john,C,Female,0,1454
751,john,C,Female,1,1643
752,bus,C,Male,0,1454
753,bus,C,Male,0,1345
754,bus,C,Female,0,1559
754,bus,C,Female,1,1601
755,bus,C,Male,0,1282
756,bla,T,Female,0,1298
756,bla,T,Female,1,1549
757,bus,C,Female,0,1265
758,bla,T,Female,0,1559
758,bla,T,Female,1,1601
758,bla,T,Female,2,1860
759,bus,C,Female,0,1559
760,carm,T,Male,0,1405
760,carm,T,Male,1,1533
760,carm,T,Male,2,1533
761,bla,T,Male,1,1589
761,bla,T,Male,2,1688
762,bus,C,Male,0,1511
762,bus,C,Male,1,1565
763,john,C,Male,1,1431
763,john,C,Male,2,1519
764,john,C,Female,0,1390
764,john,C,Female,1,1621
764,john,C,Female,2,1519
765,har,C,Male,0,1559
765,har,C,Male,1,1697
765,har,C,Male,2,1647
766,john,C,Male,2,1724
767,carm,T,Female,0,1314
767,carm,T,Female,1,1503
767,carm,T,Female,2,1667
768,caro,T,Female,0,1390
768,caro,T,Female,1,1337
769,orange,C,Female,0,1405
769,orange,C,Female,1,1503
770,john,C,Female,0,1675
770,john,C,Female,1,1862
770,john,C,Female,2,2078
771,caro,T,Male,0,1375
771,caro,T,Male,1,1518
771,caro,T,Male,2,1667
772,orange,C,Male,0,1625
772,orange,C,Male,1,1862
772,orange,T,Male,2,1943
773,carm,T,Female,0,1314
773,carm,T,Female,1,1417
773,carm,T,Female,2,1548
774,bus,C,Female,0,1511
774,bus,C,Female,1,1995
774,bus,C,Female,2,1809
775,john,C,Male,0,1298
775,john,C,Male,1,1601
776,john,C,Female,0,1375
776,john,C,Female,1,1387
777,john,C,Female,0,1298
777,john,C,Female,1,1402
777,john,C,Female,2,1519
778,caro,T,Female,0,1511
778,caro,T,Female,1,1733
779,bus,C,Female,0,1472
780,caro,T,Female,0,1486
780,caro,T,Female,1,1533
780,caro,T,Female,2,1724
781,john,C,Female,0,1330
781,john,C,Female,1,1387
782,john,C,Female,1,1488
782,john,C,Female,2,1500
783,har,C,Female,0,1314
783,har,C,Female,1,1549
783,har,C,Female,2,1611
784,john,C,Female,2,1611
785,bus,C,Male,0,1405
786,bla,T,Male,1,1431
786,bla,T,Male,2,1625
787,john,C,Female,2,1548
788,bla,T,Male,0,1559
788,bla,T,Male,1,1621
789,bla,T,Male,0,1596
789,bus,C,Male,0,1596
789,bla,T,Male,1,1643
789,bus,C,Male,1,1643
789,bla,T,Male,2,1739
790,john,C,Male,1,1697
790,john,C,Male,2,1688
791,orange,C,Male,0,1596
791,orange,C,Male,1,1670
791,orange,T,Male,2,1625
792,bus,C,Female,0,1454
792,bus,C,Female,1,1431
792,bus,C,Female,2,1611
793,john,C,Female,1,1467
794,bus,C,Male,0,1454
795,caro,T,Female,0,1559
796,orange,C,Female,0,1421
796,orange,C,Female,1,1643
796,orange,T,Female,2,1688
797,carm,T,Male,0,1375
797,carm,T,Male,1,1387
797,carm,T,Male,2,1611
798,john,C,Male,0,1298
799,caro,T,Female,0,1625
799,caro,T,Female,1,1782
799,caro,T,Female,2,1770
800,bus,C,Male,0,1625
800,bus,C,Male,1,1601
800,bus,C,Male,2,1809
801,carm,T,Male,0,1345
801,carm,T,Male,1,1503
801,carm,T,Male,2,1476
802,orange,C,Female,0,1421
802,orange,C,Female,1,1601
802,orange,T,Female,2,1594
803,john,C,Male,0,1596
803,john,C,Male,1,1782
804,orange,C,Female,0,1265
804,orange,C,Female,1,1488
804,orange,T,Female,2,1548
805,carm,T,Female,0,1596
805,carm,T,Female,1,1533
805,carm,T,Female,2,1667
806,har,C,Female,0,1330
806,har,C,Female,1,1533
807,caro,T,Female,0,1265
808,orange,C,Female,0,1298
808,orange,C,Female,1,1467
808,orange,T,Female,2,1578
809,carm,T,Male,0,1298
809,carm,T,Male,1,1355
809,carm,T,Male,2,1625
810,har,C,Female,0,1437
810,har,C,Female,1,1697
810,har,C,Female,2,1647
811,orange,C,Male,0,1314
812,bus,C,Female,0,1755
813,carm,T,Male,0,1282
813,carm,T,Male,1,1431
813,carm,T,Male,2,1519
814,carm,T,Female,0,1265
814,carm,T,Female,1,1431
814,carm,T,Female,2,1476
815,carm,T,Male,0,1486
815,carm,T,Male,1,1782
815,carm,T,Male,2,1943
816,carm,T,Female,0,1360
816,carm,T,Female,1,1621
816,carm,T,Female,2,1578
817,orange,C,Male,0,1390
818,carm,T,Female,0,1437
818,carm,T,Female,1,1565
818,carm,T,Female,2,1625
819,carm,T,Female,0,1265
820,carm,T,Male,0,1454
820,carm,T,Male,1,1670
820,carm,T,Male,2,1770
821,carm,T,Female,0,1889
821,carm,T,Female,1,1697
821,carm,T,Female,2,1809
822,carm,T,Female,0,1889
822,carm,T,Female,1,1995
822,carm,T,Female,2,2078
823,caro,T,Male,0,1330
823,caro,T,Male,1,1589
824,carm,T,Female,0,1755
825,john,C,Male,0,1596
825,john,C,Male,1,1862
826,carm,T,Female,0,1375
826,carm,T,Female,1,1402
827,carm,T,Male,0,1437
827,carm,T,Male,1,1565
827,carm,T,Male,2,1500
828,orange,C,Male,0,1405
828,orange,C,Male,1,1601
828,orange,T,Male,2,1688
829,carm,T,Female,0,1437
829,carm,T,Female,1,1565
829,carm,T,Female,2,1739
830,bus,C,Female,0,1533
830,bus,C,Female,1,1670
831,john,C,Female,1,1589
831,john,C,Female,2,1647
832,carm,T,Male,0,1511
832,carm,T,Male,1,1549
832,carm,T,Male,2,1809
833,orange,C,Female,0,1596
833,orange,C,Female,1,1565
833,orange,T,Female,2,1724
834,carm,T,Female,0,1533
834,carm,T,Female,1,1697
834,carm,T,Female,2,1860
835,carm,T,Male,0,1596
835,carm,T,Male,1,1697
835,carm,T,Male,2,2078
836,bla,T,Female,0,1625
836,bla,T,Female,1,1589
836,bla,T,Female,2,1724
837,carm,T,Female,0,1559
837,carm,T,Female,1,1601
837,carm,T,Female,2,1809
838,carm,T,Male,0,1675
838,carm,T,Male,1,1533
838,carm,T,Male,2,1770
839,bla,T,Male,1,1782
839,bla,T,Male,2,1770
840,john,C,Male,0,1298
841,orange,C,Male,0,1375
842,carm,T,Female,0,1208
842,carm,T,Female,1,1387
842,carm,T,Female,2,1417
843,bla,T,Female,0,1390
844,caro,T,Female,0,1298
844,caro,T,Female,1,1474
844,caro,T,Female,2,1519
845,john,C,Female,0,1486
845,john,C,Female,1,1589
845,john,C,Female,2,1548
846,bla,T,Female,0,1129
847,caro,T,Female,0,1360
847,caro,T,Female,1,1446
847,caro,T,Female,2,1519
848,orange,C,Female,0,1421
848,orange,C,Female,1,1518
848,orange,T,Female,2,1594
849,good,T,Male,0,1247
849,good,T,Male,1,1387
850,bus,C,Female,0,1437
850,bus,C,Female,1,1467
851,caro,T,Male,0,1596
851,caro,T,Male,1,1589
852,bus,C,Male,0,1454
852,bus,C,Male,1,1549
853,bus,C,Male,0,1437
854,bus,C,Female,0,1375
855,caro,T,Female,0,1330
856,caro,T,Female,0,1559
856,caro,T,Female,1,1565
856,caro,T,Female,2,1809
857,bus,C,Male,0,1596
857,bus,C,Male,1,1565
857,bus,C,Male,2,1724
858,caro,T,Female,0,1625
858,caro,T,Female,1,1862
859,carm,T,Male,0,1511
859,carm,T,Male,1,1474
859,carm,T,Male,2,1724
860,carm,T,Female,0,1559
861,bla,T,Female,0,1486
861,bla,T,Female,1,1601
861,bla,T,Female,2,1625
862,carm,T,Male,0,1437
862,carm,T,Male,1,1733
862,carm,T,Male,2,1625
863,caro,T,Male,2,1724
864,carm,T,Female,0,1486
864,carm,T,Female,1,1565
864,carm,T,Female,2,1809
865,bla,T,Female,0,1265
865,bla,T,Female,1,1446
865,bla,T,Female,2,1594
866,carm,T,Female,0,1390
866,carm,T,Female,1,1565
866,carm,T,Female,2,1667
867,orange,T,Female,2,1533
868,carm,T,Male,0,1486
868,carm,T,Male,1,1670
868,carm,T,Male,2,1594
869,bla,T,Female,1,1601
870,carm,T,Female,0,1437
870,carm,T,Female,1,1621
870,carm,T,Female,2,1625
871,caro,T,Male,0,1454
871,caro,T,Male,1,1549
871,caro,T,Male,2,1724
872,bus,C,Female,0,1472
872,bus,C,Female,1,1503
873,bla,T,Female,0,1559
873,bla,T,Female,1,1697
874,carm,T,Male,0,1390
874,carm,T,Male,1,1518
875,bus,C,Male,0,1208
875,bus,C,Male,1,1337
876,carm,T,Male,0,1345
876,carm,T,Male,1,1518
876,carm,T,Male,2,1578
877,bla,T,Male,0,1375
877,bla,T,Male,1,1549
877,bla,T,Male,2,1611
878,carm,T,Female,0,1511
878,carm,T,Female,1,1488
878,carm,T,Female,2,1667
879,caro,T,Male,2,1594
880,carm,T,Male,0,1675
880,carm,T,Male,1,1862
880,carm,T,Male,2,1809
881,caro,T,Male,0,1454
881,caro,T,Male,1,1518
882,carm,T,Female,0,1421
882,carm,T,Female,1,1518
882,carm,T,Female,2,1519
883,carm,T,Male,0,1228
884,carm,T,Male,0,1533
885,bla,T,Male,0,1559
885,bla,T,Male,1,1733
885,bla,T,Male,2,1739
886,bla,T,Female,0,1330
886,bla,T,Female,1,1549
886,bla,T,Female,2,1688
887,bla,T,Female,0,1625
887,bla,T,Female,1,1565
888,har,C,Female,0,1559
888,har,C,Female,1,1697
888,har,C,Female,2,2078
889,bla,T,Female,0,1625
889,bla,T,Female,1,1601
889,bla,T,Female,2,1739
890,orange,C,Male,0,1265
890,orange,C,Male,1,1387
890,orange,T,Male,2,1500
891,john,C,Male,2,1739
892,john,C,Male,0,1390
892,john,C,Male,1,1549
893,carm,T,Female,0,1486
893,carm,T,Female,1,1589
893,carm,T,Female,2,1739
894,carm,T,Female,0,1454
894,carm,T,Female,1,1643
894,carm,T,Female,2,1611
895,carm,T,Male,0,1282
896,carm,T,Male,0,1330
896,carm,T,Male,1,1467
896,carm,T,Male,2,1447
897,carm,T,Male,0,1472
897,carm,T,Male,1,1589
897,carm,T,Male,2,1688
898,har,C,Male,0,1282
898,har,C,Male,1,1518
898,har,C,Male,2,1563
899,har,C,Female,0,1437
899,har,C,Female,1,1503
899,har,C,Female,2,1647
900,caro,T,Male,0,1390
900,caro,T,Male,1,1601
900,caro,T,Male,2,1667
901,caro,T,Female,0,1596
901,caro,T,Female,1,1549
901,caro,T,Female,2,1611
902,carm,T,Female,0,1755
902,carm,T,Female,1,1670
902,carm,T,Female,2,2078
903,bla,T,Female,0,1345
903,bla,T,Female,2,1490
904,carm,T,Male,0,1129
904,carm,T,Male,1,1474
904,carm,T,Male,2,1462
905,bus,C,Male,0,1390
906,carm,T,Female,0,1675
906,carm,T,Female,1,1862
906,carm,T,Female,2,2078
907,bus,C,Female,0,1889
907,bus,C,Female,1,1697
908,john,C,Female,0,1486
908,john,C,Female,1,1670
909,carm,T,Female,0,1486
910,har,C,Male,0,1596
910,har,C,Male,1,1697
910,har,C,Male,2,1724
911,good,T,Female,0,1559
911,good,T,Female,1,1533
912,bla,T,Female,0,1625
912,bla,T,Female,1,1782
912,bla,T,Female,2,1770
913,good,T,Male,0,1375
913,good,T,Male,1,1467
914,bla,T,Male,0,1472
914,bla,T,Male,2,1533
915,bus,C,Female,0,1559
915,bus,C,Female,1,1467
915,bus,C,Female,2,1688
916,carm,T,Male,0,1675
916,carm,T,Male,1,1621
916,carm,T,Male,2,1724
917,caro,T,Male,0,1437
917,caro,T,Male,1,1621
918,carm,T,Female,0,1375
918,carm,T,Female,1,1488
918,carm,T,Female,2,1533
919,har,C,Female,0,1596
919,har,C,Female,1,1670
920,caro,T,Female,0,1454
920,caro,T,Female,1,1697
920,caro,T,Female,2,1688
921,har,C,Female,0,1345
922,caro,T,Male,0,1486
922,caro,T,Male,1,1503
922,caro,T,Male,2,1647
923,har,C,Female,0,1405
923,har,C,Female,1,1549
924,caro,T,Female,0,1345
924,caro,T,Female,1,1503
924,caro,T,Female,2,1563
925,carm,T,Female,0,1208
925,carm,T,Female,1,1387
925,carm,T,Female,2,1724
926,caro,T,Male,0,1405
926,caro,T,Male,2,1625
927,bus,C,Male,0,1472
927,bus,C,Male,1,1565
927,bus,C,Male,2,1688
928,john,C,Female,0,1454
928,john,C,Female,1,1589
929,orange,C,Female,0,1675
929,orange,C,Female,1,1782
929,orange,T,Female,2,1943
930,orange,C,Female,0,1533
930,orange,C,Female,1,1643
930,orange,T,Female,2,1578
931,bla,T,Male,0,1454
931,bla,T,Male,1,1643
931,bla,T,Male,2,1724
932,good,T,Male,0,1282
932,good,T,Male,1,1402
933,caro,T,Female,0,1755
933,caro,T,Female,1,1995
933,caro,T,Female,2,1860
934,bus,C,Male,0,1360
935,carm,T,Male,0,1454
935,carm,T,Male,1,1467
935,carm,T,Male,2,1476
936,orange,C,Male,0,1596
936,orange,C,Male,1,1601
936,orange,T,Male,2,1770
937,orange,C,Male,0,1247
937,orange,C,Male,1,1549
938,john,C,Female,0,1421
938,john,C,Female,1,1601
939,caro,T,Male,0,1559
939,caro,T,Male,1,1621
939,bus,C,Male,2,1739
940,carm,T,Male,0,1533
940,carm,T,Male,1,1670
940,carm,T,Male,2,1739
941,carm,T,Female,0,1437
941,carm,T,Female,1,1533
941,carm,T,Female,2,1611
942,john,C,Female,0,1596
943,john,C,Male,0,1472
943,john,C,Male,1,1589
944,orange,C,Female,0,1472
944,orange,C,Female,1,1670
944,orange,T,Female,2,1688
945,good,T,Male,0,1375
945,good,T,Male,1,1503
946,john,C,Female,0,1454
946,john,C,Female,1,1643
947,orange,C,Female,0,1511
947,orange,C,Female,1,1621
947,orange,T,Female,2,1739
948,good,T,Female,0,1533
949,orange,C,Female,0,1208
950,har,C,Male,0,1330
950,har,C,Male,1,1417
950,har,C,Male,2,1647
951,john,C,Female,0,1330
952,carm,T,Female,0,1437
952,carm,T,Female,1,1446
952,carm,T,Female,2,1625
953,john,C,Female,0,1486
953,john,C,Female,1,1533
953,john,C,Female,2,1563
954,bla,T,Female,0,1454
954,bla,T,Female,1,1474
954,bla,T,Female,2,2078
955,har,C,Male,0,1559
956,har,C,Male,0,1675
956,har,C,Male,1,1697
957,john,C,Male,0,1185
957,john,C,Male,1,1518
958,john,C,Male,0,1228
958,john,C,Male,1,1337
958,john,C,Male,2,1385
959,har,C,Male,0,1360
959,har,C,Male,1,1621
960,bus,C,Female,0,1511
960,bus,C,Female,1,1549
961,bla,T,Female,1,1549
961,bla,T,Female,2,1548
962,caro,T,Female,0,1437
962,caro,T,Female,1,1643
963,good,T,Female,0,1390
963,good,T,Female,1,1417
964,bus,C,Female,0,1298
965,har,C,Male,0,1360
965,har,C,Male,1,1549
965,har,C,Male,2,1611
966,orange,C,Male,1,1474
967,bus,C,Male,0,1596
968,har,C,Female,0,1228
969,bus,C,Female,0,1596
969,bus,C,Female,1,1670
969,bus,C,Female,2,1739
970,carm,T,Female,0,1596
970,carm,T,Female,1,1670
970,carm,T,Female,2,1860
971,carm,T,Male,0,1625
971,carm,T,Male,1,1565
971,carm,T,Male,2,1943
973,har,C,Female,0,1454
974,good,T,Female,1,1474
975,bus,C,Male,0,1360
976,carm,T,Female,0,1247
976,carm,T,Female,1,1402
977,bus,C,Female,0,1454
977,bus,C,Female,1,1565
978,har,C,Male,0,1559
978,har,C,Male,1,1621
978,har,C,Male,2,1770
979,bus,C,Female,0,1298
979,bus,C,Female,1,1467
979,bus,C,Female,2,1625
980,bla,T,Male,0,1486
980,bla,T,Male,1,1601
980,bla,T,Male,2,1688
981,good,T,Female,0,1405
981,good,T,Female,1,1387
982,har,C,Male,0,1472
982,har,C,Male,1,1589
982,har,C,Male,2,1533
983,orange,C,Male,0,1405
983,orange,C,Male,1,1549
983,orange,T,Male,2,1724
984,caro,T,Male,0,1596
984,caro,T,Male,1,1862
984,caro,T,Male,2,1667
985,good,T,Male,1,1488
985,caro,T,Male,2,1563
986,caro,T,Male,1,1733
986,caro,T,Male,2,1860
987,caro,T,Female,0,1511
987,caro,T,Female,1,1565
987,caro,T,Female,2,1647
988,caro,T,Female,0,1437
988,caro,T,Female,1,1549
988,caro,T,Female,2,1578
989,carm,T,Male,0,1390
989,carm,T,Male,1,1417
989,carm,T,Male,2,1462
990,good,T,Female,0,1228
990,good,T,Female,1,1355
991,har,C,Male,0,1330
992,carm,T,Female,0,1454
992,carm,T,Female,1,1643
992,carm,T,Female,2,1647
993,john,C,Male,1,1474
993,john,C,Male,2,1533
994,john,C,Male,0,1437
994,john,C,Male,1,1565
994,john,C,Male,2,1578
995,orange,C,Female,0,1533
996,orange,C,Male,0,1486
996,orange,C,Male,1,1589
997,good,T,Female,1,1697
998,bus,C,Female,0,1559
999,orange,C,Female,0,1675
999,orange,C,Female,1,1670
1000,carm,T,Female,0,1228
1000,carm,T,Female,1,1474
1000,carm,T,Female,2,1447
1001,carm,T,Female,0,1511
1001,carm,T,Female,1,1503
1001,carm,T,Female,2,1647
1002,john,C,Female,0,1314
1002,john,C,Female,1,1431
1003,john,C,Female,2,1563
1004,john,C,Male,2,1688
1005,john,C,Female,0,1437
1005,john,C,Female,1,1670
1005,john,C,Female,2,1519
1006,orange,C,Female,0,1421
1006,orange,C,Female,1,1643
1007,bus,C,Male,2,1860
1008,good,T,Female,0,1596
1008,good,T,Female,1,1697
1009,har,C,Male,0,1675
1009,har,C,Male,1,1862
1009,har,C,Male,2,1943
1010,har,C,Female,0,1511
1010,har,C,Female,1,1601
1010,har,C,Female,2,1647
1011,good,T,Male,0,1454
1011,good,T,Male,1,1533
1012,bus,C,Female,0,1390
1012,bus,C,Female,1,1431
1012,bus,C,Female,2,1563
1013,bla,T,Male,0,1625
1013,bla,T,Male,1,1733
1013,bla,T,Male,2,1860
1014,bus,C,Female,0,1375
1015,har,C,Female,0,1437
1016,bus,C,Male,0,1511
1016,bus,C,Male,1,1601
1016,bus,C,Male,2,1724
1017,caro,T,Male,1,1488
1018,good,T,Female,0,1228
1018,good,T,Female,1,1417
1019,john,C,Female,0,1533
1019,john,C,Female,1,1643
1020,orange,C,Male,0,1511
1020,john,C,Male,1,1589
1021,bus,C,Male,0,1559
1021,bus,C,Male,1,1643
1022,john,C,Male,0,1472
1022,john,C,Male,1,1697
1022,john,C,Male,2,1809
1023,good,T,Male,0,1375
1023,good,T,Male,1,1503
1024,john,C,Female,0,1486
1024,john,C,Female,1,1601
1025,bus,C,Male,0,1390
1025,bus,C,Male,1,1417
1026,caro,T,Male,0,1533
1026,caro,T,Male,1,1697
1026,caro,T,Male,2,1860
1027,bus,C,Female,1,1697
1028,good,T,Female,0,1675
1028,good,T,Female,1,1670
1029,orange,C,Female,0,1511
1029,orange,C,Female,1,1533
1031,bus,C,Male,0,1330
1032,bus,C,Male,0,1345
1032,bus,C,Male,1,1621
1033,orange,C,Female,0,1228
1033,orange,C,Female,1,1417
1033,orange,T,Female,2,1533
1034,good,T,Female,1,1643
1035,orange,C,Male,0,1375
1036,good,T,Male,1,1862
1037,good,T,Male,0,1345
1037,good,T,Male,1,1589
1038,orange,C,Male,0,1375
1038,orange,C,Male,1,1387
1038,orange,T,Male,2,1476
1039,john,C,Male,0,1625
1039,john,C,Male,1,1733
1039,john,C,Male,2,1809
1041,orange,C,Male,0,1454
1041,orange,C,Male,1,1533
1041,orange,T,Male,2,1578
1043,orange,C,Male,1,1565
1044,orange,C,Female,0,1454
1044,orange,C,Female,1,1565
1044,orange,T,Female,2,1688
1045,john,C,Female,0,1437
1046,caro,T,Female,0,1421
1046,caro,T,Female,1,1621
1047,good,T,Female,0,1390
1047,good,T,Female,1,1387
1048,bus,C,Female,0,1533
1048,bus,C,Female,1,1643
1049,bus,C,Female,0,1559
1049,bus,C,Female,1,1621
1050,orange,T,Female,2,1860
1051,orange,C,Female,0,1405
1051,orange,C,Female,1,1474
1051,orange,T,Female,2,1578
1052,bus,C,Male,0,1511
1053,bus,C,Female,0,1596
1053,bus,C,Female,1,1670
1053,bus,C,Female,2,1724
1054,good,T,Male,0,1298
1054,good,T,Male,1,1467
1055,bus,C,Male,0,1375
1055,bus,C,Male,1,1431
1056,carm,T,Male,0,1185
1056,carm,T,Male,1,1277
1056,carm,T,Male,2,1594
1057,john,C,Female,2,1350
1058,good,T,Female,0,1472
1058,good,T,Female,1,1549
1059,orange,C,Female,0,1314
1059,orange,C,Female,1,1371
1059,orange,T,Female,2,1500
1060,good,T,Female,0,1454
1060,good,T,Female,1,1467
1061,carm,T,Male,0,1437
1061,carm,T,Male,1,1431
1062,good,T,Male,0,1511
1062,good,T,Male,1,1670
1063,bus,C,Female,0,1345
1064,carm,T,Female,0,1314
1065,good,T,Female,0,1454
1065,good,T,Female,1,1670
1066,good,T,Female,0,1390
1066,good,T,Female,1,1503
1067,good,T,Female,0,1375
1067,good,T,Female,1,1387
1068,good,T,Female,0,1390
1068,good,T,Female,1,1474
1069,caro,T,Female,0,1282
1069,caro,T,Female,1,1337
1070,good,T,Female,0,1625
1070,good,T,Female,1,1643
1071,bla,T,Female,1,1474
1071,bla,T,Female,2,1578
1072,good,T,Female,1,1503
1073,carm,T,Female,0,1437
1073,carm,T,Female,1,1670
1074,bla,T,Female,0,1185
1074,bla,T,Female,1,1387
1074,bla,T,Female,2,1563
1075,orange,C,Male,0,1330
1075,orange,C,Male,1,1467
1075,orange,T,Male,2,1462
1076,good,T,Male,0,1675
1076,good,T,Male,1,1643
1077,good,T,Male,0,1298
1077,good,T,Male,1,1446
1078,bla,T,Female,0,1298
1078,orange,C,Female,0,1298
1078,bla,T,Female,2,1432
1079,bus,C,Female,0,1314
1080,good,T,Female,0,1559
1080,good,T,Female,1,1503
1081,good,T,Female,0,1625
1081,good,T,Female,1,1589
1082,good,T,Male,0,1472
1083,bla,T,Male,1,1643
1083,bla,T,Male,2,1724
1084,carm,T,Female,0,1375
1086,good,T,Male,0,1360
1086,good,T,Male,1,1518
1087,john,C,Female,2,1594
1088,john,C,Female,0,1625
1088,john,C,Female,1,1733
1089,bla,T,Female,0,1421
1089,bla,T,Female,1,1503
1089,bla,T,Female,2,1578
1090,john,C,Male,0,1533
1090,john,C,Male,1,1862
1091,har,C,Female,1,1670
1092,carm,T,Female,0,1330
1092,carm,T,Female,1,1503
1092,carm,T,Female,2,1432
1093,good,T,Female,1,1299
1094,good,T,Female,0,1454
1094,good,T,Female,1,1670
1095,john,C,Female,0,1375
1095,john,C,Female,1,1549
1096,good,T,Male,0,1129
1096,good,T,Male,1,1299
1097,carm,T,Male,0,1755
1097,carm,T,Male,1,1995
1097,carm,T,Male,2,1943
1098,bla,T,Female,0,1675
1098,bla,T,Female,1,1643
1098,bla,T,Female,2,1611
1099,bla,T,Female,0,1298
1099,bla,T,Female,1,1387
1099,bla,T,Female,2,1417
1100,john,C,Male,0,1298
1101,bla,T,Male,0,1533
1101,bla,T,Male,1,1621
1102,orange,C,Male,0,1511
1102,orange,C,Male,1,1533
1102,orange,T,Male,2,1625
1103,john,C,Female,0,1533
1103,john,C,Female,1,1733
1104,carm,T,Male,0,1282
1105,orange,C,Female,0,1533
1105,orange,C,Female,1,1697
1105,orange,T,Female,2,1809
1106,orange,C,Female,0,1330
1106,orange,C,Female,1,1621
1106,orange,T,Female,2,1625
1107,carm,T,Female,0,1247
1107,carm,T,Female,1,1402
1108,caro,T,Female,0,1345
1108,caro,T,Female,1,1474
1108,caro,T,Female,2,1647
1109,caro,T,Female,0,1421
1109,caro,T,Female,1,1549
1109,caro,T,Female,2,1611
1110,carm,T,Female,0,1437
1110,carm,T,Female,1,1467
1110,carm,T,Female,2,1647
1111,caro,T,Male,0,1405
1112,carm,T,Female,0,1314
1112,carm,T,Female,1,1474
1112,carm,T,Female,2,1533
1113,carm,T,Female,0,1314
1113,carm,T,Female,1,1474
1113,carm,T,Female,2,1563
1115,john,C,Male,0,1159
1115,john,C,Male,1,1355
1115,john,C,Male,2,1330
1116,caro,T,Male,0,1375
1116,caro,T,Male,1,1387
1116,caro,T,Male,2,1385
1117,carm,T,Female,0,1755
1117,carm,T,Female,1,1697
1117,carm,T,Female,2,2078
1118,carm,T,Male,0,1405
1118,carm,T,Male,1,1533
1118,carm,T,Male,2,1647
1119,carm,T,Male,0,1596
1119,carm,T,Male,1,1621
1119,carm,T,Male,2,1667
1120,good,T,Male,0,1511
1120,good,T,Male,1,1565
1121,john,C,Female,0,1533
1121,john,C,Female,1,1621
1121,john,C,Female,2,1594
1122,john,C,Female,0,1265
1122,john,C,Female,1,1431
1123,bus,C,Male,1,1862
1124,carm,T,Female,0,1330
1124,carm,T,Female,1,1402
1124,carm,T,Female,2,1447
1125,good,T,Male,0,1454
1125,good,T,Male,1,1565
1126,carm,T,Male,0,1405
1126,carm,T,Male,1,1488
1126,carm,T,Male,2,1519
1127,carm,T,Male,0,1889
1127,carm,T,Male,1,1733
1127,carm,T,Male,2,1860
1128,good,T,Female,0,1208
1128,good,T,Female,1,1549
1129,har,C,Male,0,1486
1129,har,C,Male,1,1697
1129,har,C,Male,2,1739
1130,orange,C,Female,0,1208
1130,orange,C,Female,1,1299
1130,orange,T,Female,2,1308
1131,carm,T,Female,0,1265
1131,carm,T,Female,1,1417
1131,carm,T,Female,2,1432
1132,bla,T,Female,0,1625
1132,bla,T,Female,1,1782
1132,bla,T,Female,2,1667
1133,john,C,Male,0,1345
1133,john,C,Male,1,1533
1134,carm,T,Female,0,1675
1134,carm,T,Female,1,1697
1134,carm,T,Female,2,1860
1135,bla,T,Male,0,1228
1135,bla,T,Male,1,1337
1135,bla,T,Male,2,1533
1136,har,C,Male,0,1511
1136,har,C,Male,1,1589
1136,har,C,Male,2,1647
1137,caro,T,Female,0,1454
1137,caro,T,Female,1,1565
1138,carm,T,Male,1,1299
1138,har,C,Male,1,1299
1138,carm,T,Male,2,1330
1138,har,C,Male,2,1330
1139,carm,T,Male,0,1533
1139,carm,T,Male,1,1518
1139,carm,T,Male,2,1625
1140,good,T,Female,0,1454
1140,good,T,Female,1,1549
1141,caro,T,Male,0,1405
1141,caro,T,Male,1,1549
1141,caro,T,Male,2,1724
1142,orange,C,Female,0,1437
1143,orange,C,Male,0,1472
1143,orange,C,Male,1,1589
1143,orange,T,Male,2,1667
1144,har,C,Male,0,1421
1144,har,C,Male,1,1503
1144,har,C,Male,2,1625
1145,good,T,Male,0,1405
1145,good,T,Male,1,1589
1146,good,T,Male,0,1345
1147,bus,C,Female,0,1421
1148,orange,C,Male,0,1559
1148,orange,C,Male,1,1643
1148,orange,T,Male,2,1688
1149,good,T,Female,0,1298
1150,john,C,Female,0,1533
1150,john,C,Female,1,1782
1151,bus,C,Female,0,1755
1151,bus,C,Female,1,1670
1152,bus,C,Male,0,1314
1153,good,T,Male,0,1282
1153,good,T,Male,1,1387
1154,bla,T,Male,1,1621
1154,bla,T,Male,2,1625
1155,orange,C,Male,0,1454
1155,orange,C,Male,1,1503
1155,orange,T,Male,2,1594
1156,caro,T,Female,0,1314
1157,bla,T,Male,1,1488
1157,bla,T,Male,2,1667
1158,bla,T,Male,0,1625
1158,bla,T,Male,1,1782
1158,bla,T,Male,2,1809
1159,john,C,Female,0,1625
1159,john,C,Female,1,1733
1159,john,C,Female,2,1770
1160,bla,T,Female,1,1417
1160,bla,T,Female,2,1548
1161,caro,T,Male,0,1421
1161,caro,T,Male,1,1549
1161,caro,T,Male,2,1563
1162,orange,C,Female,0,1533
1162,orange,C,Female,1,1589
1162,orange,T,Female,2,1578
1164,bla,T,Female,0,1282
1164,bla,T,Female,1,1355
1165,orange,C,Female,0,1421
1165,orange,C,Female,1,1549
1166,orange,C,Female,0,1472
1166,orange,C,Female,1,1533
1166,orange,T,Female,2,1724
1167,good,T,Female,0,1345
1167,good,T,Female,1,1467
1168,caro,T,Female,0,1559
1168,caro,T,Female,1,1601
1168,caro,T,Female,2,1625
1169,carm,T,Male,0,1559
1169,carm,T,Male,1,1697
1169,carm,T,Male,2,1860
1170,caro,T,Female,0,1298
1171,bus,C,Male,0,1185
1172,bla,T,Male,0,1596
1172,bus,C,Male,0,1596
1172,bla,T,Male,1,1697
1172,bus,C,Male,1,1697
1172,bla,T,Male,2,1770
1173,caro,T,Male,0,1405
1173,caro,T,Male,1,1643
1173,caro,T,Male,2,1647
1174,caro,T,Male,0,1421
1174,caro,T,Male,1,1549
1174,caro,T,Male,2,1563
1175,good,T,Female,0,1405
1175,good,T,Female,1,1601
1176,carm,T,Female,0,1330
1176,carm,T,Female,1,1446
1176,carm,T,Female,2,1490
1177,john,C,Male,0,1159
1178,har,C,Female,0,1208
1179,john,C,Female,0,1405
1179,john,C,Female,1,1643
1180,john,C,Male,1,1488
1181,john,C,Female,0,1511
1181,john,C,Female,1,1589
1181,john,C,Female,2,1594
1182,bus,C,Male,0,1360
1183,caro,T,Female,0,1265
1183,caro,T,Female,1,1371
1184,good,T,Female,1,1503
1185,john,C,Male,1,1601
1186,good,T,Male,0,1675
1186,good,T,Male,1,1862
1187,orange,C,Female,0,1511
1187,orange,C,Female,1,1697
1187,orange,T,Female,2,1724
1188,good,T,Female,0,1511
1188,har,C,Female,0,1511
1188,good,T,Female,1,1488
1188,har,C,Female,1,1488
1188,har,C,Female,2,1688
1189,har,C,Male,0,1533
1189,har,C,Male,1,1697
1189,har,C,Male,2,1860
1190,bus,C,Male,0,1559
1190,bus,C,Male,1,1533
1190,bus,C,Male,2,1739
1191,orange,C,Female,0,1559
1191,orange,C,Female,1,1697
1191,orange,T,Female,2,1739
1192,bus,C,Male,0,1533
1192,bus,C,Male,1,1474
1192,bus,C,Male,2,1647
1193,bla,T,Male,1,1488
1193,bla,T,Male,2,1647
1194,bla,T,Male,0,1472
1194,bla,T,Male,1,1670
1194,bla,T,Male,2,1724
1195,carm,T,Male,0,1625
1195,carm,T,Male,1,1621
1195,carm,T,Male,2,1770
1196,carm,T,Male,0,1437
1196,carm,T,Male,1,1621
1196,carm,T,Male,2,1770
1197,good,T,Male,0,1405
1197,good,T,Male,1,1549
1198,orange,C,Male,0,1486
1198,orange,C,Male,1,1643
1198,orange,T,Male,2,1594
1199,caro,T,Female,0,1282
1199,caro,T,Female,1,1533
1200,caro,T,Female,0,1228
1200,caro,T,Female,1,1387
1200,caro,T,Female,2,1519
1201,orange,C,Male,1,1467
1201,orange,T,Male,2,1385
1202,bla,T,Female,1,1503
1202,bla,T,Female,2,1563
1203,orange,C,Male,0,1472
1203,orange,C,Male,1,1697
1204,caro,T,Male,0,1596
1204,caro,T,Male,1,1733
1204,caro,T,Male,2,1860
1205,good,T,Female,0,1282
1205,good,T,Female,1,1589
1206,carm,T,Female,0,1437
1206,carm,T,Female,1,1488
1206,carm,T,Female,2,1611
1207,john,C,Male,0,1755
1207,john,C,Male,1,1862
1208,bla,T,Male,0,1625
1208,bla,T,Male,1,1643
1208,bla,T,Male,2,1724
1209,bla,T,Male,0,1360
1209,bla,T,Male,1,1488
1210,john,C,Female,2,1667
1211,caro,T,Male,0,1390
1211,caro,T,Male,1,1533
1211,caro,T,Male,2,1519
1212,carm,T,Male,0,1596
1212,carm,T,Male,1,1601
1212,carm,T,Male,2,1943
1213,john,C,Female,0,1486
1214,bus,C,Male,0,1454
1214,bus,C,Male,1,1621
1215,carm,T,Male,0,1755
1216,bus,C,Female,0,1390
1216,bus,C,Female,1,1431
1217,caro,T,Female,2,1500
1218,bla,T,Male,0,1511
1218,bla,T,Male,1,1621
1218,bla,T,Male,2,1860
1219,caro,T,Male,0,1282
1219,caro,T,Male,1,1299
1219,caro,T,Male,2,1385
1220,caro,T,Male,0,1533
1221,carm,T,Male,0,1454
1221,carm,T,Male,1,1518
1221,carm,T,Male,2,1563
1222,caro,T,Male,2,1402
1223,good,T,Male,0,1559
1224,carm,T,Male,0,1559
1225,john,C,Female,0,1511
1226,carm,T,Female,0,1247
1226,carm,T,Female,1,1446
1227,caro,T,Female,0,1185
1228,carm,T,Female,0,1454
1228,carm,T,Female,1,1549
1229,john,C,Female,0,1454
1230,john,C,Female,0,1330
1230,john,C,Female,1,1503
1231,good,T,Male,0,1486
1232,good,T,Male,0,1437
1232,good,T,Male,1,1467
1233,john,C,Female,0,1559
1234,orange,C,Male,0,1511
1235,bla,T,Female,0,1405
1236,bla,T,Male,0,1405
1237,bla,T,Male,0,1625
1237,bla,T,Male,1,1621
1238,bus,C,Male,0,1265
1239,bla,T,Female,1,1589
1240,john,C,Male,1,1355
1241,john,C,Female,0,1265
1242,john,C,Male,0,1282
1242,john,C,Male,1,1503
1243,bla,T,Female,0,1405
1243,bus,C,Female,0,1405
1243,bus,C,Female,1,1431
1244,john,C,Male,0,1421
1245,bla,T,Female,0,1675
1246,carm,T,Male,0,1625
1247,john,C,Male,0,1511
1247,john,C,Male,1,1589
1248,bus,C,Male,0,1533
1248,bus,C,Male,1,1670
1249,bla,T,Female,0,1228
1250,har,C,Male,0,1625
1251,orange,C,Male,1,1601
1252,har,C,Male,0,1390
1252,har,C,Male,1,1589
1253,john,C,Female,0,1596
1254,orange,C,Female,0,1314
1255,orange,C,Female,0,1454
1256,orange,C,Male,0,1282
1257,har,C,Male,0,1375
1258,john,C,Female,0,1596
1259,caro,T,Male,0,1486
1259,caro,T,Male,1,1488
1260,carm,T,Female,0,1228
1261,har,C,Female,0,1265
1262,bus,C,Female,0,1511
1263,caro,T,Male,0,1247
1264,bus,C,Male,0,1511
1265,john,C,Male,0,1298
1266,caro,T,Female,0,1511
1267,caro,T,Female,0,1454
1268,har,C,Female,0,1314
1269,bla,T,Female,0,1360
1270,bus,C,Male,0,1390
1270,bus,C,Male,1,1446
1271,john,C,Male,0,1228
1272,caro,T,Male,0,1533
1273,bla,T,Male,0,1625
1273,bla,T,Male,1,1565
1274,bla,T,Female,0,1185
1275,carm,T,Female,0,1314
1276,good,T,Male,0,1298
1277,bla,T,Male,0,1454
1278,har,C,Male,0,1559
1279,bla,T,Female,0,1533
1280,har,C,Female,1,1431
1281,bla,T,Male,0,1472
1281,bus,C,Male,0,1472
1282,caro,T,Female,0,1437
1283,good,T,Male,0,1596
1284,caro,T,Female,0,1472
1285,bla,T,Female,0,1596
1285,bla,T,Female,1,1697
1286,good,T,Male,0,1330
1287,orange,C,Female,0,1129
1288,bla,T,Female,0,1405
1288,bla,T,Female,1,1503
1289,carm,T,Male,0,1511
1289,carm,T,Male,1,1549
1290,good,T,Female,0,1486
1291,orange,C,Male,0,1298
1292,orange,C,Male,0,1314
1293,orange,C,Female,0,1375
1294,carm,T,Male,0,1360
1295,john,C,Female,0,1596
1296,carm,T,Female,0,1472
1297,caro,T,Male,0,1375
1298,carm,T,Male,1,1474
1299,bus,C,Female,1,1488
1300,bus,C,Female,0,1486
1301,har,C,Female,0,1265
1301,har,C,Female,1,1431
1302,har,C,Female,0,1437
1303,caro,T,Female,0,1559
1304,good,T,Male,0,1185
1304,good,T,Male,1,1431
1305,bus,C,Female,0,1454
1306,bus,C,Male,0,1330
1307,carm,T,Female,0,1533
1308,carm,T,Female,0,1390
1309,bla,T,Female,0,1437
1310,har,C,Female,0,1625
1311,har,C,Male,0,1265
1312,har,C,Male,0,1159
1313,bla,T,Male,1,1417
1314,har,C,Female,0,1375
1315,bla,T,Female,0,1421
1316,good,T,Female,1,1733
1317,har,C,Female,0,1596
1318,bla,T,Female,0,1889
1318,bla,T,Female,1,1733
1319,john,C,Female,0,1375
1320,carm,T,Female,0,1390
1321,har,C,Male,0,1282
1322,good,T,Male,0,1208
1322,good,T,Male,1,1319
1323,orange,C,Female,0,1625
1323,orange,C,Female,1,1733
1324,orange,C,Male,0,1596
1325,orange,C,Female,0,1330
1326,orange,C,Male,0,1330
1326,orange,C,Male,1,1417
1327,john,C,Male,0,1596
1327,john,C,Male,1,1697
1328,bus,C,Male,0,1889
1329,orange,C,Male,0,1472
1330,good,T,Male,0,1208
1331,john,C,Male,0,1559
1332,john,C,Male,0,1511
1333,orange,C,Male,0,1298
1334,carm,T,Female,0,1298
1334,carm,T,Female,1,1474
1335,good,T,Male,0,1405
1336,good,T,Male,0,1454
1336,good,T,Male,1,1417
1337,orange,C,Female,0,1472
1338,caro,T,Male,0,1454
1339,carm,T,Female,0,1390
1339,carm,T,Female,1,1601
1340,bla,T,Female,0,1421
1340,bla,T,Female,1,1549
1341,good,T,Female,0,1282
1342,har,C,Male,0,1421
1343,bus,C,Female,0,1472
1344,orange,C,Male,0,1405
1345,har,C,Female,0,1625
1345,har,C,Female,1,1782
1346,carm,T,Male,0,1265
1347,good,T,Female,0,1265
1348,bla,T,Female,0,1472
1348,bla,T,Female,1,1565
1349,har,C,Female,0,1298
1350,har,C,Male,0,1375
1351,har,C,Male,0,1405
1352,carm,T,Female,0,1208
1353,good,T,Female,0,1298
1353,good,T,Female,1,1431
1354,caro,T,Male,0,1330
1355,john,C,Male,0,1185
1356,john,C,Male,0,1330
1357,john,C,Male,0,1345
1358,carm,T,Female,0,1360
1359,caro,T,Male,0,1559
1360,bla,T,Female,0,1405
1360,bla,T,Female,1,1431
1361,carm,T,Male,0,1454
1362,caro,T,Female,0,1596
1363,good,T,Female,0,1228
1364,orange,C,Male,0,1454
1364,orange,C,Male,1,1518
1365,har,C,Male,0,1330
1366,carm,T,Female,0,1486
1367,har,C,Male,0,1472
1368,bus,C,Female,0,1360
1369,bla,T,Male,0,1437
1369,bus,C,Male,0,1437
1370,har,C,Female,0,1486
1371,har,C,Male,0,1625
1371,har,C,Male,1,1782
1372,caro,T,Female,0,1421
1373,orange,C,Male,0,1314
1374,orange,C,Male,0,1437
1375,caro,T,Male,0,1889
1375,caro,T,Male,1,1995
1376,orange,C,Female,0,1472
1377,bla,T,Male,0,1390
1377,bla,T,Male,1,1488
1378,john,C,Male,0,1437
1379,good,T,Female,0,1533
1379,good,T,Female,1,1733
1380,bla,T,Male,1,1417
1381,caro,T,Male,0,1889
1382,har,C,Male,0,1625
1383,caro,T,Male,0,1345
1384,caro,T,Male,0,1330
1385,caro,T,Female,0,1675
1386,caro,T,Male,0,1472
1387,caro,T,Male,0,1360
1388,caro,T,Female,0,1129
1389,caro,T,Female,0,1472
1390,caro,T,Male,0,1421
1390,caro,T,Male,1,1589
1391,orange,C,Male,0,1405
1391,orange,C,Male,1,1371
1392,caro,T,Female,0,1511
1392,caro,T,Female,1,1697
1393,orange,C,Male,0,1511
1394,orange,C,Female,0,1282
1394,orange,C,Female,1,1518
1395,orange,C,Female,0,1559
1396,orange,C,Female,0,1390
1397,caro,T,Male,0,1472
1398,orange,C,Female,0,1247
1399,orange,C,Female,0,1437
1399,orange,C,Female,1,1474
1400,har,C,Male,0,1511
1400,har,C,Male,1,1533
1401,caro,T,Female,0,1405
1402,john,C,Male,0,1421
1403,john,C,Female,0,1421
1404,bla,T,Male,0,1625
1405,john,C,Male,0,1375
1406,john,C,Male,0,1437
1407,john,C,Female,0,1533
1408,bla,T,Male,1,1565
1409,har,C,Female,0,1511
1410,har,C,Male,0,1533
1410,har,C,Male,1,1518
1411,har,C,Female,0,1486
1412,bla,T,Female,0,1511
1412,caro,T,Female,0,1511
1413,caro,T,Male,0,1421
1414,john,C,Male,0,1675
1414,john,C,Male,1,1697
1415,orange,C,Female,0,1282
1415,orange,C,Female,1,1431
1416,caro,T,Male,0,1472
1417,bus,C,Male,0,1625
1418,bus,C,Female,0,1375
1419,bus,C,Female,0,1405
1420,john,C,Male,0,1596
1421,orange,C,Male,0,1755
1422,good,T,Male,0,1421
1422,good,T,Male,1,1488
1423,good,T,Male,0,1511
1424,good,T,Female,0,1405
1424,good,T,Female,1,1503
1425,bus,C,Female,0,1533
1426,good,T,Male,0,1559
1426,good,T,Male,1,1601
1427,good,T,Male,0,1345
1428,good,T,Female,0,1375
1429,caro,T,Male,0,1486
1430,orange,C,Female,0,1360
1430,orange,C,Female,1,1474
1431,john,C,Male,0,1675
1432,caro,T,Female,0,1247
1433,orange,C,Male,0,1675
1433,orange,C,Male,1,1733
1434,orange,C,Male,0,1421
1434,orange,C,Male,1,1565
1435,bus,C,Male,0,1390
1436,john,C,Female,0,1208
1436,john,C,Female,1,1488
1437,har,C,Male,0,1360
1437,har,C,Male,1,1549
1438,bus,C,Female,0,1511
1438,bus,C,Female,1,1589
1439,bus,C,Male,0,1375
1440,good,T,Female,0,1596
1440,good,T,Female,1,1589
1441,bla,T,Female,0,1282
1442,har,C,Female,0,1405
1442,har,C,Female,1,1503
1443,john,C,Female,0,1421
1444,har,C,Male,0,1511
1445,har,C,Female,0,1282
1446,har,C,Female,0,1265
1447,har,C,Female,0,1265
1448,john,C,Female,0,1511
1448,john,C,Female,1,1621
1449,good,T,Male,0,1282
1449,good,T,Male,1,1371
1450,caro,T,Male,0,1472
1451,carm,T,Male,0,1345
1452,bla,T,Male,0,1755
1452,bla,T,Male,1,1697
1453,carm,T,Male,0,1314
1454,orange,C,Male,0,1596
1454,orange,C,Male,1,1565
1455,bus,C,Male,0,1437
1456,bla,T,Female,0,1511
1456,bla,T,Female,1,1697
1457,carm,T,Male,0,1755
1457,carm,T,Male,1,1733
1458,carm,T,Female,0,1247
1459,orange,C,Male,0,1596
1460,john,C,Male,0,1511
1460,john,C,Male,1,1549
1461,carm,T,Male,0,1298
1461,carm,T,Male,1,1467
1462,carm,T,Male,0,1390
1463,bla,T,Female,0,1437
1463,bla,T,Female,1,1533
1464,carm,T,Male,0,1265
1464,carm,T,Male,1,1474
1465,bla,T,Female,0,1559
1465,bla,T,Female,1,1601
1466,carm,T,Female,0,1625
1466,carm,T,Female,1,1697
1467,carm,T,Female,0,1755
1467,carm,T,Female,1,1782
1468,carm,T,Male,0,1675
1469,carm,T,Male,0,1755
1470,carm,T,Female,0,1755
1470,carm,T,Female,1,1995
1471,carm,T,Male,0,1675
1472,carm,T,Female,0,1345
1473,carm,T,Male,0,1559
1474,carm,T,Female,0,1390
1475,carm,T,Female,0,1228
1475,carm,T,Female,1,1337
1476,carm,T,Female,0,1421
1477,carm,T,Female,0,1625
1478,carm,T,Female,0,1472
1478,carm,T,Female,1,1503
1479,carm,T,Female,0,1375
1479,carm,T,Female,1,1474
1480,carm,T,Female,0,1282
1481,caro,T,Female,0,1375
1482,carm,T,Female,0,1596
1483,bla,T,Female,0,1675
1483,bla,T,Female,1,1670
1484,john,C,Male,0,1675
1485,har,C,Male,0,1247
1485,har,C,Male,1,1402
1486,john,C,Male,0,1625
1486,john,C,Male,1,1643
1487,john,C,Female,0,1625
1487,john,C,Female,1,1862
1488,good,T,Male,0,1511
1489,john,C,Male,0,1511
1490,orange,C,Female,1,1518
1491,bus,C,Male,0,1454
1492,bla,T,Female,0,1437
1493,bus,C,Female,0,1185
1494,har,C,Male,0,1314
1495,har,C,Female,0,1675
1495,har,C,Female,1,1589
1496,bus,C,Female,0,1625
1497,good,T,Male,0,1282
1498,carm,T,Male,0,1625
1499,bus,C,Male,0,1360
1499,bus,C,Male,1,1402
1499,bus,C,Male,2,1476
1500,caro,T,Female,0,1421
1500,caro,T,Female,1,1601
1501,good,T,Female,0,1755
1501,good,T,Female,1,1589
1502,caro,T,Male,0,1533
1502,caro,T,Male,1,1601
1502,caro,T,Male,2,1625
1503,good,T,Female,0,1437
1504,john,C,Female,0,1298
1504,john,C,Female,1,1565
1505,har,C,Male,0,1345
1505,har,C,Male,1,1533
1505,har,C,Male,2,1533
1506,bus,C,Female,2,1462
1507,john,C,Male,0,1596
1507,john,C,Male,1,1488
1508,har,C,Female,0,1330
1509,bus,C,Female,0,1228
1510,orange,C,Male,1,1518
1511,har,C,Male,1,1518
1511,har,C,Male,2,1647
1512,good,T,Male,0,1298
1513,orange,C,Female,0,1265
1514,har,C,Male,0,1533
1514,har,C,Male,1,1601
1514,har,C,Male,2,1688
1515,john,C,Male,2,1667
1516,har,C,Male,0,1228
1517,orange,C,Female,0,1559
1517,orange,C,Female,1,1670
1517,orange,T,Female,2,1724
1518,john,C,Male,0,1298
1518,john,C,Male,1,1402
1519,john,C,Male,0,1511
1519,john,C,Male,1,1670
1520,bus,C,Male,0,1375
1521,carm,T,Male,0,1390
1521,carm,T,Male,1,1488
1521,carm,T,Male,2,1611
1522,john,C,Female,0,1559
1522,john,C,Female,1,1488
1523,john,C,Male,0,1533
1523,john,C,Male,1,1782
1524,carm,T,Female,0,1345
1524,carm,T,Female,1,1474
1524,carm,T,Female,2,1519
1525,caro,T,Male,0,1330
1526,har,C,Female,1,1252
1527,har,C,Male,0,1421
1527,har,C,Male,1,1697
1528,bla,T,Female,1,1601
1528,bla,T,Female,2,1739
1529,bus,C,Female,2,1647
1530,bus,C,Female,2,1625
1531,john,C,Female,0,1298
1532,caro,T,Female,0,1405
1533,orange,C,Female,0,1675
1533,orange,C,Female,1,1733
1534,caro,T,Male,0,1486
1535,orange,C,Male,1,1549
1536,caro,T,Female,0,1437
1536,caro,T,Female,1,1670
1537,caro,T,Male,0,1437
1537,caro,T,Male,1,1601
1538,caro,T,Female,1,1697
1538,caro,T,Female,2,1667
1539,john,C,Male,0,1208
1539,john,C,Male,1,1252
1540,bus,C,Female,0,1345
1541,carm,T,Male,0,1298
1541,carm,T,Male,1,1337
1541,carm,T,Male,2,1519
1542,good,T,Female,1,1549
1543,bla,T,Female,0,1454
1543,bla,T,Female,1,1621
1543,bla,T,Female,2,1739
1544,caro,T,Male,1,1518
1544,caro,T,Male,2,1519
1545,john,C,Female,1,1446
1545,john,C,Female,2,1500
1546,good,T,Male,1,1782
1547,orange,C,Female,0,1265
1548,good,T,Female,0,1454
1548,good,T,Female,1,1670
1549,john,C,Female,2,1447
1550,bla,T,Female,0,1625
1551,bla,T,Male,0,1454
1551,bla,T,Male,1,1565
1551,bla,T,Male,2,1625
1552,bus,C,Female,0,1625
1552,bus,C,Female,1,1670
1552,bus,C,Female,2,1770
1553,good,T,Male,0,1314
1554,bla,T,Male,0,1486
1554,bla,T,Male,1,1503
1554,bla,T,Male,2,1563
1555,bla,T,Male,0,1159
1555,bla,T,Male,1,1355
1555,bla,T,Male,2,1594
1556,orange,C,Female,0,1405
1557,bla,T,Female,0,1375
1557,bla,T,Female,1,1621
1557,bla,T,Female,2,1667
1558,har,C,Male,0,1390
1558,har,C,Male,1,1643
1558,har,C,Male,2,1500
1559,john,C,Male,2,1476
1560,bus,C,Male,0,1437
1561,bus,C,Male,0,1675
1561,bus,C,Male,1,1733
1562,john,C,Female,0,1375
1562,john,C,Female,1,1621
1563,john,C,Female,0,1454
1563,john,C,Female,1,1621
1564,bla,T,Male,0,1390
1565,bla,T,Male,0,1486
1566,good,T,Male,0,1282
1567,john,C,Male,0,1486
1568,john,C,Male,0,1454
1568,john,C,Male,1,1733
1569,orange,C,Female,1,1402
1569,orange,T,Female,2,1417
1570,har,C,Female,0,1185
1570,har,C,Female,1,1518
1571,orange,C,Male,0,1486
1572,carm,T,Male,0,1437
1573,caro,T,Female,0,1559
1573,bus,C,Female,1,1697
1574,bus,C,Male,0,1454
1575,bla,T,Female,0,1345
1575,bla,T,Female,1,1387
1576,bla,T,Female,0,1330
1576,bla,T,Female,1,1488
1576,bla,T,Female,2,1533
1577,caro,T,Male,0,1596
1577,caro,T,Male,1,1697
1578,john,C,Female,0,1472
1578,john,C,Female,1,1601
1578,john,C,Female,2,1625
1579,orange,C,Female,0,1486
1579,orange,C,Female,1,1488
1579,orange,T,Female,2,1724
1580,carm,T,Female,0,1889
1581,har,C,Female,0,1405
1581,har,C,Female,1,1488
1581,har,C,Female,2,1578
1582,caro,T,Female,0,1625
1582,caro,T,Female,1,1697
1582,caro,T,Female,2,1860
1583,caro,T,Male,1,1549
1584,john,C,Male,2,1625
1585,bus,C,Female,0,1390
1585,bus,C,Female,1,1518
1585,bus,C,Female,2,1667
1586,carm,T,Male,0,1596
1586,carm,T,Male,1,1697
1587,bus,C,Female,0,1889
1587,bus,C,Female,1,1862
1588,caro,T,Male,0,1454
1588,caro,T,Male,1,1601
1588,caro,T,Male,2,1688
1589,caro,T,Male,0,1298
1589,caro,T,Male,1,1474
1589,caro,T,Male,2,1548
1590,caro,T,Male,0,1314
1590,caro,T,Male,1,1467
1591,good,T,Male,1,1518
1592,good,T,Male,0,1345
1593,john,C,Male,1,1277
1594,bla,T,Male,0,1533
1594,bla,T,Male,1,1518
1594,bla,T,Male,2,1647
1595,orange,C,Female,1,1697
1595,orange,T,Female,2,1943
1596,carm,T,Male,0,1625
1596,carm,T,Male,1,1670
1596,carm,T,Male,2,1809
1597,good,T,Female,0,1265
1598,caro,T,Male,0,1675
1598,caro,T,Male,1,1862
1599,har,C,Female,0,1625
1599,har,C,Female,1,1670
1599,har,C,Female,2,1688
1600,caro,T,Male,1,1417
1601,har,C,Female,0,1596
1601,har,C,Female,1,1697
1602,bla,T,Female,0,1625
1602,bla,T,Female,1,1533
1602,bla,T,Female,2,1611
1603,har,C,Male,0,1421
1603,har,C,Male,1,1533
1603,har,C,Male,2,1809
1604,good,T,Male,0,1298
1604,good,T,Male,1,1355
1605,carm,T,Male,0,1472
1605,carm,T,Male,1,1518
1605,carm,T,Male,2,1688
1606,john,C,Male,0,1596
1606,john,C,Male,1,1782
1607,har,C,Male,0,1421
1608,carm,T,Male,0,1472
1608,carm,T,Male,1,1601
1608,carm,T,Male,2,1625
1609,caro,T,Female,0,1437
1609,caro,T,Female,1,1697
1609,caro,T,Female,2,1809
1610,good,T,Female,0,1314
1610,good,T,Female,1,1488
1611,john,C,Male,0,1185
1612,john,C,Female,0,1625
1612,john,C,Female,1,1670
1612,john,C,Female,2,1724
1613,bus,C,Male,0,1330
1614,bla,T,Male,0,1755
1614,bla,T,Male,1,1697
1614,bla,T,Male,2,1809
1615,bla,T,Female,1,1565
1615,bla,T,Female,2,1611
1616,bla,T,Female,0,1314
1616,bla,T,Female,1,1565
1616,bla,T,Female,2,1625
1617,har,C,Male,0,1345
1617,har,C,Male,1,1589
1617,har,C,Male,2,1667
1618,bus,C,Female,1,1387
1619,bla,T,Female,2,1688
1620,john,C,Male,0,1421
1621,har,C,Male,0,1625
1621,har,C,Male,1,1862
1621,har,C,Male,2,1943
1622,carm,T,Female,0,1596
1622,carm,T,Female,1,1601
1622,carm,T,Female,2,1770
1623,bus,C,Female,0,1208
1623,bus,C,Female,1,1252
1623,bus,C,Female,2,1417
1624,har,C,Male,0,1596
1624,har,C,Male,1,1643
1624,har,C,Male,2,1739
1625,bla,T,Male,2,1667
1626,carm,T,Male,0,1298
1627,john,C,Male,0,1208
1627,john,C,Male,1,1355
1628,har,C,Female,0,1486
1628,har,C,Female,1,1621
1628,har,C,Female,2,1625
1629,john,C,Male,2,1594
1630,har,C,Female,0,1533
1630,har,C,Female,1,1533
1630,har,C,Female,2,1625
1631,caro,T,Female,0,1314
1632,orange,C,Female,0,1625
1632,orange,C,Female,1,1697
1632,orange,T,Female,2,1667
1633,good,T,Male,1,1402
1634,john,C,Male,0,1675
1634,john,C,Male,1,1995
1634,john,C,Male,2,1943
1635,bla,T,Female,0,1360
1635,bla,T,Female,1,1488
1635,bla,T,Female,2,1462
1636,bla,T,Male,0,1559
1636,bla,T,Male,1,1446
1636,bla,T,Male,2,1625
1637,bla,T,Male,0,1208
1637,bla,T,Male,1,1337
1637,bla,T,Male,2,1218
1638,bus,C,Female,0,1533
1639,bla,T,Male,0,1421
1639,bla,T,Male,1,1488
1639,bla,T,Male,2,1611
1640,caro,T,Male,0,1755
1640,caro,T,Male,1,1862
1640,caro,T,Male,2,1860
1641,caro,T,Male,0,1375
1641,caro,T,Male,1,1533
1641,caro,T,Male,2,1594
1642,john,C,Female,0,1596
1642,john,C,Female,1,1670
1642,john,C,Female,2,1724
1643,caro,T,Male,2,1688
1644,bus,C,Male,0,1675
1644,bus,C,Male,1,1621
1644,bus,C,Male,2,1647
1645,har,C,Female,0,1511
1645,har,C,Female,1,1549
1645,har,C,Female,2,1625
1646,bus,C,Male,0,1511
1646,bus,C,Male,2,1688
1647,caro,T,Male,0,1405
1647,caro,T,Male,1,1621
1647,caro,T,Male,2,1594
1648,orange,C,Female,0,1421
1648,orange,C,Female,1,1601
1648,orange,T,Female,2,1647
1649,har,C,Male,0,1511
1649,har,C,Male,1,1643
1649,john,C,Male,1,1643
1650,caro,T,Female,0,1454
1650,caro,T,Female,1,1467
1651,bla,T,Female,0,1511
1652,bla,T,Female,1,1643
1653,bus,C,Male,0,1345
1653,bus,C,Male,1,1601
1654,bus,C,Male,0,1454
1654,bus,C,Male,1,1488
1655,har,C,Female,1,1621
1655,har,C,Female,2,1809
1656,har,C,Female,0,1375
1657,har,C,Male,0,1511
1657,har,C,Male,1,1565
1657,har,C,Male,2,1688
1658,caro,T,Female,0,1314
1658,caro,T,Female,1,1549
1658,caro,T,Female,2,1432
1659,bla,T,Female,0,1375
1659,bla,T,Female,1,1621
1660,john,C,Male,2,1578
1661,har,C,Female,0,1625
1661,har,C,Female,1,1697
1662,bla,T,Female,2,1809
1663,har,C,Female,0,1511
1664,john,C,Female,2,1563
1665,john,C,Female,2,1688
1666,har,C,Male,0,1437
1666,har,C,Male,1,1488
1666,har,C,Male,2,1519
1667,har,C,Female,0,1472
1667,har,C,Female,2,1647
1668,carm,T,Male,0,1330
1668,carm,T,Male,1,1446
1669,caro,T,Male,0,1247
1669,caro,T,Male,1,1467
1669,caro,T,Male,2,1462
1670,bla,T,Male,0,1345
1670,bla,T,Male,1,1431
1670,bla,T,Male,2,1368
1671,bus,C,Male,0,1360
1671,bus,C,Male,2,1611
1672,har,C,Female,0,1405
1672,har,C,Female,1,1621
1672,har,C,Female,2,1578
1673,bus,C,Female,0,1625
1673,bus,C,Female,1,1782
1673,bus,C,Female,2,1809
1674,bus,C,Male,0,1092
1674,bus,C,Male,1,1337
1674,bus,C,Male,2,1350
1675,good,T,Male,0,1228
1676,har,C,Male,0,1265
1677,bla,T,Female,0,1559
1678,carm,T,Male,0,1559
1678,carm,T,Male,1,1549
1678,carm,T,Male,2,1688
1679,har,C,Female,0,1533
1679,har,C,Female,1,1643
1680,bus,C,Male,0,1247
1681,carm,T,Female,0,1454
1681,carm,T,Female,1,1518
1681,carm,T,Female,2,1625
1682,good,T,Male,0,1486
1682,good,T,Male,1,1733
1683,har,C,Female,0,1511
1684,john,C,Female,0,1755
1684,john,C,Female,1,1782
1685,bla,T,Male,0,1314
1686,carm,T,Male,0,1625
1686,carm,T,Male,1,1697
1686,carm,T,Male,2,1809
1687,carm,T,Male,0,1559
1687,carm,T,Male,1,1697
1687,carm,T,Male,2,1860
1688,bla,T,Male,0,1228
1689,john,C,Female,2,1860
1690,orange,C,Male,0,1675
1691,good,T,Female,1,1488
1692,har,C,Male,0,1437
1692,har,C,Male,1,1643
1692,har,C,Male,2,1688
1693,har,C,Male,0,1437
1693,har,C,Male,1,1589
1693,har,C,Male,2,1594
1694,john,C,Female,0,1390
1695,caro,T,Female,0,1421
1696,bla,T,Male,0,1390
1696,bla,T,Male,1,1518
1696,bla,T,Male,2,1688
1697,bla,T,Male,0,1675
1697,bla,T,Male,1,1565
1697,bla,T,Male,2,1688
1698,har,C,Female,0,1345
1699,john,C,Male,0,1559
1699,john,C,Male,1,1589
1700,john,C,Female,0,1298
1700,john,C,Female,1,1488
1700,john,C,Female,2,1417
1701,har,C,Female,0,1472
1701,har,C,Female,1,1601
1701,har,C,Female,2,1770
1702,carm,T,Female,0,1486
1702,carm,T,Female,1,1533
1702,carm,T,Female,2,1809
1703,orange,C,Male,0,1405
1703,orange,C,Male,1,1549
1704,orange,C,Female,0,1375
1704,orange,C,Female,1,1518
1704,orange,T,Female,2,1578
1705,orange,C,Male,0,1437
1706,john,C,Male,1,1533
1706,john,C,Male,2,1594
1707,har,C,Male,0,1228
1708,john,C,Female,2,1625
1709,bla,T,Female,2,1611
1710,bla,T,Male,0,1559
1710,bla,T,Male,1,1621
1710,bla,T,Male,2,1809
1711,bus,C,Female,1,1474
1712,good,T,Male,0,1228
1712,good,T,Male,1,1355
1713,john,C,Female,1,1589
1713,john,C,Female,2,1688
1714,bus,C,Female,0,1533
1715,orange,C,Female,0,1314
1715,orange,C,Female,1,1549
1715,orange,T,Female,2,1578
1716,har,C,Male,0,1625
1716,har,C,Male,1,1643
1717,har,C,Male,1,1417
1717,har,C,Male,2,1368
1718,caro,T,Female,0,1437
1719,caro,T,Male,0,1390
1719,caro,T,Male,1,1488
1719,caro,T,Male,2,1611
1720,orange,C,Male,0,1185
1720,orange,C,Male,1,1337
1720,orange,T,Male,2,1432
1721,bla,T,Female,0,1454
1721,bla,T,Female,1,1697
1721,bla,T,Female,2,1625
1722,orange,C,Female,0,1390
1722,orange,C,Female,1,1565
1723,bla,T,Female,0,1298
1724,orange,C,Female,1,1621
1725,orange,C,Female,0,1375
1725,orange,C,Female,1,1518
1726,har,C,Male,0,1405
1726,har,C,Male,1,1533
1726,har,C,Male,2,1594
1727,orange,C,Female,0,1247
1728,har,C,Female,0,1345
1728,har,C,Female,1,1518
1728,har,C,Female,2,1548
1729,john,C,Male,0,1559
1730,john,C,Male,0,1421
1730,john,C,Male,1,1589
1730,john,C,Male,2,1688
1731,john,C,Female,0,1330
1731,john,C,Female,1,1518
1731,john,C,Female,2,1368
1732,caro,T,Male,0,1472
1732,caro,T,Male,1,1417
1733,carm,T,Male,0,1360
1734,bla,T,Male,2,1563
1735,har,C,Female,1,1355
1736,good,T,Male,0,1375
1736,good,T,Male,1,1446
1737,har,C,Female,0,1437
1737,har,C,Female,1,1565
1738,bla,T,Male,0,1755
1738,bla,T,Male,1,1733
1738,bla,T,Male,2,1770
1739,har,C,Female,0,1314
1739,har,C,Female,1,1601
1740,bus,C,Female,0,1625
1741,har,C,Male,1,1417
1741,har,C,Male,2,1519
1742,caro,T,Female,0,1390
1742,caro,T,Female,1,1533
1742,caro,T,Female,2,1533
1743,har,C,Female,0,1405
1743,har,C,Female,1,1601
1743,har,C,Female,2,1625
1744,bus,C,Female,0,1625
1744,bus,C,Female,1,1643
1745,bla,T,Female,0,1345
1746,caro,T,Female,0,1486
1746,caro,T,Female,1,1601
1747,bus,C,Male,0,1330
1748,har,C,Male,0,1375
1748,har,C,Male,1,1518
1748,har,C,Male,2,1533
1749,bus,C,Female,0,1889
1749,bus,C,Female,1,1733
1750,bus,C,Female,0,1596
1751,bla,T,Male,2,1533
1752,john,C,Male,0,1454
1752,john,C,Male,1,1782
1752,john,C,Male,2,1688
1753,caro,T,Female,0,1454
1754,caro,T,Male,0,1533
1754,caro,T,Male,1,1601
1754,caro,T,Male,2,1724
1755,john,C,Male,2,1500
1756,har,C,Female,1,1621
1756,har,C,Female,2,1860
1757,orange,C,Male,0,1421
1757,orange,C,Male,1,1467
1757,orange,T,Male,2,1611
1758,bus,C,Female,0,1282
1758,bus,C,Female,1,1431
1758,bus,C,Female,2,1533
1759,orange,C,Female,1,1643
1760,carm,T,Female,0,1511
1760,carm,T,Female,2,1770
1761,carm,T,Female,0,1421
1761,carm,T,Female,1,1474
1761,carm,T,Female,2,1625
1762,bla,T,Female,0,1345
1763,bus,C,Female,0,1486
1764,har,C,Female,0,1421
1764,har,C,Female,1,1518
1764,har,C,Female,2,1724
1765,har,C,Male,0,1511
1766,bla,T,Female,0,1486
1766,bla,T,Female,1,1446
1767,bus,C,Female,0,1208
1767,bus,C,Female,1,1355
1768,har,C,Male,0,1282
1769,bla,T,Male,0,1625
1769,bla,T,Male,1,1621
1769,bla,T,Male,2,1739
